# Blender 5.2.0 LTS
# www.blender.org
mtllib mixamo_ready_character.mtl
o Body_Mesh
v 0.023159 0.304842 0.012644
v 0.023678 0.304067 -0.014065
v 0.035204 0.213963 -0.033306
v 0.037651 0.214337 0.041115
v 0.035872 0.269222 -0.012304
v 0.034102 0.269567 0.013103
v -0.000070 0.309753 -0.021140
v -0.000070 0.307061 0.023691
v -0.000070 0.214206 0.045327
v -0.000070 0.213898 -0.035087
v -0.000070 0.249481 0.037668
v -0.000070 0.240713 -0.031745
v 0.026345 0.310503 -0.000968
v 0.049628 0.213887 0.002649
v 0.038983 0.265375 0.000933
v 0.051611 0.265000 0.000959
v 0.029516 0.282458 -0.016371
v 0.027198 0.282608 0.016472
v -0.000070 0.287097 0.029176
v -0.000070 0.285009 -0.030286
v 0.157443 0.264229 0.000983
v 0.019035 0.319049 -0.001946
v 0.013617 0.308775 0.020625
v 0.020645 0.283365 -0.026583
v 0.030600 0.239912 -0.027438
v 0.017924 0.285272 0.025972
v 0.032454 0.246597 0.031088
v 0.046711 0.241037 0.001179
v 0.013311 0.311723 -0.019604
v 0.202864 0.280662 0.000025
v 0.196953 0.263877 0.001001
v 0.195973 0.300049 0.000014
v 0.196687 0.280289 -0.017664
v 0.196647 0.280610 0.018353
v 0.196911 0.293929 0.013416
v 0.196468 0.268580 -0.012574
v 0.196412 0.268875 0.013957
v 0.196401 0.293730 -0.013262
v 0.157534 0.269074 -0.012080
v 0.157513 0.293351 0.012813
v 0.157499 0.280638 0.017755
v 0.157535 0.269428 0.013365
v 0.157478 0.280324 -0.017122
v 0.157502 0.293318 -0.012809
v 0.157564 0.299309 0.000025
v 0.176547 0.262681 0.020728
v 0.176503 0.300555 0.020260
v 0.176467 0.253868 0.001361
v 0.176581 0.309055 -0.000159
v 0.176543 0.300001 -0.020145
v 0.176514 0.279757 -0.027098
v 0.176515 0.280244 0.027788
v 0.176535 0.262140 -0.019134
v -0.000070 0.344295 -0.010590
v -0.000070 0.344295 -0.010590
v -0.000070 0.344781 0.007162
v -0.000070 0.344781 0.007162
v -0.000070 0.346530 -0.001830
v 0.008491 0.344480 -0.001889
v 0.005665 0.344150 0.004091
v 0.005672 0.344074 -0.007844
v 0.040265 0.293165 0.012616
v 0.047061 0.269618 0.013071
v 0.048273 0.269461 -0.011662
v 0.041317 0.280617 0.017044
v 0.043232 0.280306 -0.016026
v 0.042415 0.293414 -0.012926
v 0.043595 0.300277 0.000048
v 0.037248 0.178112 -0.035871
v 0.036956 0.178112 0.034337
v -0.000070 0.178112 -0.037910
v -0.000070 0.178112 0.038817
v 0.054226 0.178112 -0.000564
v 0.098984 0.264655 0.000970
v 0.110070 0.264574 0.000973
v 0.110070 0.264574 0.000973
v 0.104527 0.264614 0.000971
v 0.108442 0.269248 -0.011892
v 0.097364 0.269287 -0.011850
v 0.102903 0.269267 -0.011871
v 0.093874 0.280626 0.017366
v 0.104942 0.280628 0.017433
v 0.099408 0.280627 0.017399
v 0.094826 0.280314 -0.016521
v 0.105884 0.280316 -0.016627
v 0.100355 0.280315 -0.016574
v 0.094432 0.293371 -0.012873
v 0.105484 0.293361 -0.012862
v 0.099958 0.293366 -0.012867
v 0.095054 0.299840 0.000038
v 0.095054 0.299840 0.000038
v 0.106104 0.299746 0.000035
v 0.100579 0.299793 0.000037
v 0.104418 0.293267 0.012724
v 0.104418 0.293267 0.012724
v 0.093360 0.293249 0.012705
v 0.098889 0.293258 0.012714
v 0.107839 0.269513 0.013233
v 0.096757 0.269532 0.013203
v 0.102298 0.269523 0.013218
v -0.023300 0.304842 0.012644
v -0.023819 0.304067 -0.014065
v -0.035344 0.213963 -0.033306
v -0.037792 0.214337 0.041115
v -0.036012 0.269222 -0.012304
v -0.034243 0.269567 0.013103
v -0.026486 0.310503 -0.000968
v -0.049769 0.213887 0.002649
v -0.039124 0.265375 0.000933
v -0.051752 0.265000 0.000959
v -0.029657 0.282458 -0.016371
v -0.027339 0.282608 0.016472
v -0.157584 0.264229 0.000983
v -0.019176 0.319049 -0.001946
v -0.013758 0.308775 0.020625
v -0.020786 0.283365 -0.026583
v -0.030741 0.239912 -0.027438
v -0.018065 0.285272 0.025972
v -0.032595 0.246597 0.031088
v -0.046852 0.241037 0.001179
v -0.013452 0.311723 -0.019604
v -0.203005 0.280662 0.000025
v -0.197094 0.263877 0.001001
v -0.196114 0.300049 0.000014
v -0.196828 0.280289 -0.017664
v -0.196788 0.280610 0.018353
v -0.197052 0.293929 0.013416
v -0.196609 0.268580 -0.012574
v -0.196553 0.268875 0.013957
v -0.196542 0.293730 -0.013262
v -0.157675 0.269074 -0.012080
v -0.157654 0.293351 0.012813
v -0.157640 0.280638 0.017755
v -0.157676 0.269428 0.013365
v -0.157619 0.280324 -0.017122
v -0.157642 0.293318 -0.012809
v -0.157704 0.299309 0.000025
v -0.176687 0.262681 0.020728
v -0.176643 0.300555 0.020260
v -0.176608 0.253868 0.001361
v -0.176722 0.309055 -0.000159
v -0.176684 0.300001 -0.020145
v -0.176655 0.279757 -0.027098
v -0.176655 0.280244 0.027788
v -0.176676 0.262140 -0.019134
v -0.008632 0.344480 -0.001889
v -0.005806 0.344150 0.004091
v -0.005813 0.344074 -0.007844
v -0.040406 0.293165 0.012616
v -0.047202 0.269618 0.013071
v -0.048414 0.269461 -0.011662
v -0.041458 0.280617 0.017044
v -0.043373 0.280306 -0.016026
v -0.042556 0.293414 -0.012926
v -0.043736 0.300277 0.000048
v -0.037389 0.178112 -0.035871
v -0.037096 0.178112 0.034337
v -0.054367 0.178112 -0.000564
v -0.099124 0.264655 0.000970
v -0.110211 0.264574 0.000973
v -0.110211 0.264574 0.000973
v -0.104668 0.264614 0.000971
v -0.108583 0.269248 -0.011892
v -0.097505 0.269287 -0.011850
v -0.103044 0.269267 -0.011871
v -0.094015 0.280626 0.017366
v -0.105083 0.280628 0.017433
v -0.099549 0.280627 0.017399
v -0.094966 0.280314 -0.016521
v -0.106025 0.280316 -0.016627
v -0.100496 0.280315 -0.016574
v -0.094573 0.293371 -0.012873
v -0.105625 0.293361 -0.012862
v -0.100099 0.293366 -0.012867
v -0.095195 0.299840 0.000038
v -0.095195 0.299840 0.000038
v -0.106245 0.299746 0.000035
v -0.100720 0.299793 0.000037
v -0.104559 0.293267 0.012724
v -0.104559 0.293267 0.012724
v -0.093501 0.293249 0.012705
v -0.099030 0.293258 0.012714
v -0.107980 0.269513 0.013233
v -0.096898 0.269532 0.013203
v -0.102439 0.269523 0.013218
vn -0.0000 0.1818 -0.9833
vn -0.0000 0.3204 -0.9473
vn 0.4789 0.3997 -0.7816
vn 0.4531 0.2111 -0.8661
vn -0.2559 0.9667 -0.0029
vn -0.2559 0.6591 0.7072
vn -0.0240 0.6907 0.7227
vn -0.0202 0.9997 -0.0134
vn 0.9991 0.0434 -0.0017
vn 0.9922 0.1238 -0.0137
vn 0.6013 0.0722 0.7958
vn 0.5744 -0.1496 0.8048
vn 0.9784 0.2022 -0.0426
vn 0.6283 0.2705 0.7295
vn -0.0000 0.1280 -0.9918
vn -0.0000 0.1119 -0.9937
vn 0.5794 0.1612 -0.7989
vn 0.5646 0.1519 -0.8112
vn -0.0000 0.2389 0.9710
vn -0.0000 0.0411 0.9992
vn -0.0000 -0.0467 -0.9989
vn 0.5279 0.0178 -0.8491
vn 0.5031 0.3974 0.7674
vn 0.8561 0.5161 -0.0281
vn 0.6964 0.7173 -0.0210
vn 0.4917 0.7180 0.4926
vn 0.4726 0.2722 0.8382
vn -0.0000 0.3378 0.9412
vn -0.0000 0.2378 0.9713
vn -0.0000 0.6793 -0.7339
vn 0.4542 0.6973 -0.5545
vn -0.0000 -0.2310 0.9730
vn -0.0202 -0.7224 -0.6912
vn -0.0212 -0.0480 -0.9986
vn 0.7268 -0.0276 -0.6863
vn 0.6867 -0.5307 -0.4968
vn -0.0210 -0.6922 0.7214
vn -0.0222 -0.9995 0.0226
vn 0.7303 -0.6829 0.0149
vn 0.6897 -0.5055 0.5184
vn 0.5830 0.5348 0.6117
vn 0.6483 0.7613 0.0065
vn 0.4745 0.1421 -0.8687
vn 0.5871 -0.2168 -0.7800
vn 0.6078 -0.1105 0.7864
vn 0.4869 0.2193 0.8455
vn 0.7844 -0.6202 0.0049
vn 0.5952 0.5017 -0.6277
vn 0.9999 -0.0045 -0.0093
vn 0.7108 0.7033 -0.0115
vn 0.7082 0.4921 0.5062
vn 0.7276 -0.0051 0.6860
vn 0.6959 0.4867 -0.5281
vn -0.0241 -0.0133 0.9996
vn -0.0190 0.6709 -0.7413
vn 0.2718 0.9621 0.0221
vn 0.1473 0.5569 0.8174
vn -0.0007 0.6564 0.7544
vn 0.0039 1.0000 0.0089
vn -0.0058 -0.0593 -0.9982
vn 0.0002 0.6463 -0.7631
vn -0.2529 0.6402 -0.7254
vn -0.2538 -0.0501 -0.9660
vn 0.1562 0.5386 -0.8280
vn 0.0002 0.6304 -0.7763
vn 0.0274 -0.0823 -0.9962
vn -0.0058 -0.0671 -0.9977
vn 0.0034 -0.0284 0.9996
vn -0.0147 -0.7024 0.7116
vn -0.0050 -0.7012 0.7130
vn -0.0046 -0.0035 1.0000
vn -0.0068 -0.7282 -0.6854
vn -0.2598 -0.7030 -0.6620
vn -0.0051 -0.9999 0.0156
vn -0.0056 -0.9999 0.0155
vn -0.2616 -0.6730 0.6918
vn -0.2574 -0.9661 0.0187
vn -0.2571 -0.0037 0.9664
vn -0.0003 -0.7256 -0.6881
vn -0.0069 -0.7262 -0.6874
vn -0.0000 0.9999 -0.0161
vn -0.0000 0.7319 0.6814
vn -0.0007 0.6689 0.7434
vn -0.0045 -0.0023 1.0000
vn -0.0056 -0.9998 0.0180
vn -0.0050 -0.7000 0.7141
vn -0.0056 -0.9998 0.0182
vn 0.0040 1.0000 0.0045
vn -0.0068 -0.7270 -0.6866
vn -0.0058 -0.0635 -0.9980
vn -0.0048 -0.7003 0.7139
vn -0.0056 -0.9998 0.0168
vn -0.0007 0.6629 0.7487
vn -0.0046 -0.0030 1.0000
vn 0.0002 0.6385 -0.7696
vn 0.0040 1.0000 0.0069
vn -0.4531 0.2111 -0.8661
vn -0.4789 0.3997 -0.7816
vn 0.2559 0.9667 -0.0029
vn 0.0202 0.9997 -0.0134
vn 0.0241 0.6907 0.7228
vn 0.2559 0.6591 0.7072
vn -0.9991 0.0434 -0.0017
vn -0.5744 -0.1496 0.8048
vn -0.6013 0.0722 0.7958
vn -0.9922 0.1238 -0.0137
vn -0.6283 0.2705 0.7295
vn -0.9784 0.2022 -0.0426
vn -0.5646 0.1520 -0.8112
vn -0.5794 0.1612 -0.7989
vn -0.5279 0.0178 -0.8491
vn -0.5031 0.3974 0.7674
vn -0.4917 0.7180 0.4926
vn -0.6964 0.7173 -0.0210
vn -0.8561 0.5161 -0.0281
vn -0.4726 0.2722 0.8382
vn -0.4542 0.6973 -0.5545
vn 0.0202 -0.7224 -0.6912
vn -0.6867 -0.5307 -0.4968
vn -0.7268 -0.0276 -0.6863
vn 0.0212 -0.0480 -0.9986
vn 0.0210 -0.6922 0.7214
vn -0.6897 -0.5055 0.5184
vn -0.7303 -0.6829 0.0149
vn 0.0222 -0.9995 0.0226
vn -0.5830 0.5348 0.6117
vn -0.6483 0.7613 0.0065
vn -0.4745 0.1421 -0.8687
vn -0.5871 -0.2168 -0.7800
vn -0.6078 -0.1105 0.7864
vn -0.4869 0.2193 0.8455
vn -0.7844 -0.6202 0.0049
vn -0.5952 0.5017 -0.6277
vn -0.9999 -0.0045 -0.0093
vn -0.7276 -0.0051 0.6860
vn -0.7082 0.4921 0.5062
vn -0.7108 0.7033 -0.0115
vn -0.6959 0.4867 -0.5281
vn 0.0241 -0.0133 0.9996
vn 0.0190 0.6709 -0.7413
vn -0.2718 0.9621 0.0221
vn -0.0039 1.0000 0.0089
vn 0.0007 0.6564 0.7544
vn -0.1473 0.5569 0.8174
vn 0.0058 -0.0593 -0.9982
vn 0.2538 -0.0501 -0.9660
vn 0.2529 0.6402 -0.7254
vn -0.0002 0.6463 -0.7631
vn -0.1562 0.5386 -0.8280
vn -0.0002 0.6304 -0.7763
vn -0.0274 -0.0823 -0.9962
vn 0.0058 -0.0671 -0.9977
vn -0.0034 -0.0284 0.9996
vn 0.0046 -0.0035 1.0000
vn 0.0050 -0.7012 0.7130
vn 0.0147 -0.7024 0.7116
vn 0.0068 -0.7282 -0.6854
vn 0.2598 -0.7030 -0.6620
vn 0.0056 -0.9999 0.0155
vn 0.0051 -0.9999 0.0156
vn 0.2616 -0.6730 0.6918
vn 0.2574 -0.9661 0.0187
vn 0.2571 -0.0037 0.9664
vn 0.0003 -0.7256 -0.6881
vn 0.0069 -0.7262 -0.6874
vn 0.0007 0.6689 0.7434
vn 0.0045 -0.0023 1.0000
vn 0.0056 -0.9998 0.0180
vn 0.0050 -0.7000 0.7141
vn 0.0056 -0.9998 0.0182
vn -0.0040 1.0000 0.0045
vn 0.0058 -0.0635 -0.9980
vn 0.0068 -0.7270 -0.6866
vn 0.0056 -0.9998 0.0168
vn 0.0050 -0.7003 0.7138
vn 0.0048 -0.0031 1.0000
vn 0.0007 0.6629 0.7487
vn -0.0001 0.6385 -0.7696
vn -0.0040 1.0000 0.0069
vn -0.0000 -1.0000 -0.0000
vt 0.580972 0.373397
vt 0.625000 0.374776
vt 0.625000 0.500000
vt 0.578698 0.460737
vt 0.617823 0.622881
vt 0.617480 0.675064
vt 0.453409 0.625000
vt 0.495815 0.625000
vt 0.495815 0.729998
vt 0.453409 0.742194
vt 0.535838 0.626611
vt 0.542322 0.750000
vt 0.495815 0.375000
vt 0.540098 0.374868
vt 0.536911 0.472644
vt 0.495815 0.490568
vt 0.542322 0.875000
vt 0.495815 0.875000
vt 0.453409 0.375000
vt 0.453409 0.491425
vt 0.625000 0.750000
vt 0.625000 0.625000
vt 0.578193 0.786106
vt 0.656010 0.870932
vt 0.577445 0.876071
vt 0.625000 0.375000
vt 0.453409 0.875000
vt 0.549241 0.538977
vt 0.582633 0.548030
vt 0.549241 0.538977
vt 0.549371 0.719647
vt 0.549143 0.624687
vt 0.621282 0.712946
vt 0.621451 0.623952
vt 0.586016 0.547191
vt 0.585514 0.709653
vt 0.621375 0.538424
vt 0.579348 0.624961
vt 0.617823 0.622881
vt 0.617480 0.675064
vt 0.582200 0.709348
vt 0.617668 0.577706
vt 0.617823 0.622881
vt 0.617823 0.622881
vt 0.549371 0.719647
vt 0.549241 0.538977
vt 0.750000 0.625000
vt 0.750000 0.750000
vt 0.750000 0.500000
vt 0.625000 0.875000
vt 0.549143 0.624687
vt 0.617480 0.675064
vt 0.000000 0.000000
s 1
usemtl mii_shirt
f 20/1/1 7/2/2 29/3/3
f 20/1/1 29/3/3 24/4/4
f 45/5/5 40/6/6 47/6/7
f 45/5/5 47/6/7 49/5/8
f 73/7/9 14/8/10 4/9/11
f 73/7/9 4/9/11 70/10/12
f 14/8/10 28/11/13 27/12/14
f 14/8/10 27/12/14 4/9/11
f 10/13/15 12/14/16 25/15/17
f 10/13/15 25/15/17 3/16/18
f 4/9/11 27/12/14 11/17/19
f 4/9/11 11/17/19 9/18/20
f 71/19/21 10/13/15 3/16/18
f 71/19/21 3/16/18 69/20/22
f 23/21/23 22/22/24 59/22/25
f 23/21/23 59/22/25 60/21/26
f 26/23/27 23/21/23 8/24/28
f 26/23/27 8/24/28 19/25/29
f 29/3/3 7/2/2 54/26/30
f 29/3/3 54/26/30 61/3/31
f 3/16/18 25/15/17 28/11/13
f 3/16/18 28/11/13 14/8/10
f 70/10/12 4/9/11 9/18/20
f 70/10/12 9/18/20 72/27/32
f 53/28/33 51/29/34 33/29/35
f 53/28/33 33/29/35 36/30/36
f 46/31/37 48/32/38 31/32/39
f 46/31/37 31/32/39 37/31/40
f 27/12/14 26/23/27 19/25/29
f 27/12/14 19/25/29 11/17/19
f 48/32/38 53/28/33 36/30/36
f 48/32/38 36/30/36 31/32/39
f 12/14/16 20/1/1 24/4/4
f 12/14/16 24/4/4 25/15/17
f 1/33/41 13/34/42 22/22/24
f 1/33/41 22/22/24 23/21/23
f 17/35/43 5/30/44 25/15/17
f 17/35/43 25/15/17 24/4/4
f 6/31/45 18/36/46 26/23/27
f 6/31/45 26/23/27 27/12/14
f 15/32/47 6/31/45 27/12/14
f 15/32/47 27/12/14 28/11/13
f 13/34/42 2/37/48 29/3/3
f 13/34/42 29/3/3 22/22/24
f 5/30/44 15/32/47 28/11/13
f 5/30/44 28/11/13 25/15/17
f 2/37/48 17/35/43 24/4/4
f 2/37/48 24/4/4 29/3/3
f 30/38/49 32/39/50 35/40/51
f 30/38/49 35/40/51 34/41/52
f 33/29/35 38/42/53 32/39/50
f 33/29/35 32/39/50 30/38/49
f 36/30/36 33/29/35 30/38/49
f 36/30/36 30/38/49 31/32/39
f 31/32/39 30/38/49 34/41/52
f 31/32/39 34/41/52 37/31/40
f 47/6/7 52/41/54 34/41/52
f 47/6/7 34/41/52 35/40/51
f 51/29/34 50/42/55 38/42/53
f 51/29/34 38/42/53 33/29/35
f 50/42/55 49/5/8 32/39/50
f 50/42/55 32/39/50 38/42/53
f 52/41/54 46/31/37 37/31/40
f 52/41/54 37/31/40 34/41/52
f 68/5/56 62/40/57 96/6/58
f 68/5/56 96/6/58 91/43/59
f 85/29/60 88/42/61 44/42/62
f 85/29/60 44/42/62 43/29/63
f 67/42/64 68/5/56 90/44/59
f 67/42/64 90/44/59 87/42/65
f 66/29/66 67/42/64 87/42/65
f 66/29/66 87/42/65 84/29/67
f 65/41/68 63/45/69 99/31/70
f 65/41/68 99/31/70 81/41/71
f 78/28/72 85/29/60 43/29/63
f 78/28/72 43/29/63 39/46/73
f 63/45/69 16/32/74 74/32/75
f 63/45/69 74/32/75 99/31/70
f 39/46/73 43/29/63 51/29/34
f 39/46/73 51/29/34 53/28/33
f 42/31/76 21/32/77 48/32/38
f 42/31/76 48/32/38 46/31/37
f 21/32/77 39/46/73 53/28/33
f 21/32/77 53/28/33 48/32/38
f 40/6/6 41/41/78 52/41/54
f 40/6/6 52/41/54 47/6/7
f 43/29/63 44/42/62 50/42/55
f 43/29/63 50/42/55 51/29/34
f 44/42/62 45/5/5 49/5/8
f 44/42/62 49/5/8 50/42/55
f 41/41/78 42/31/76 46/31/37
f 41/41/78 46/31/37 52/41/54
f 49/5/8 47/6/7 35/40/51
f 49/5/8 35/40/51 32/39/50
f 18/36/46 1/33/41 23/21/23
f 18/36/46 23/21/23 26/23/27
f 64/30/79 66/29/66 84/29/67
f 64/30/79 84/29/67 79/28/80
f 69/20/22 3/16/18 14/8/10
f 69/20/22 14/8/10 73/7/9
f 59/22/25 58/47/81 57/48/82
f 59/22/25 57/48/82 60/21/26
f 61/3/31 55/49/30 58/47/81
f 61/3/31 58/47/81 59/22/25
f 22/22/24 29/3/3 61/3/31
f 22/22/24 61/3/31 59/22/25
f 8/24/28 23/21/23 60/21/26
f 8/24/28 60/21/26 56/50/82
f 5/30/44 17/35/43 66/29/66
f 5/30/44 66/29/66 64/30/79
f 6/31/45 15/32/47 16/32/74
f 6/31/45 16/32/74 63/45/69
f 15/32/47 5/30/44 64/30/79
f 15/32/47 64/30/79 16/32/74
f 1/33/41 18/36/46 65/41/68
f 1/33/41 65/41/68 62/40/57
f 17/35/43 2/37/48 67/42/64
f 17/35/43 67/42/64 66/29/66
f 2/37/48 13/34/42 68/5/56
f 2/37/48 68/5/56 67/42/64
f 18/36/46 6/31/45 63/45/69
f 18/36/46 63/45/69 65/41/68
f 13/34/42 1/33/41 62/40/57
f 13/34/42 62/40/57 68/5/56
f 94/6/83 82/41/84 41/41/78
f 94/6/83 41/41/78 40/6/6
f 75/32/85 78/28/72 39/46/73
f 75/32/85 39/46/73 21/32/77
f 98/31/86 76/51/87 21/32/77
f 98/31/86 21/32/77 42/31/76
f 82/41/84 98/31/86 42/31/76
f 82/41/84 42/31/76 41/41/78
f 88/42/61 92/5/88 45/5/5
f 88/42/61 45/5/5 44/42/62
f 92/5/88 95/52/83 40/6/6
f 92/5/88 40/6/6 45/5/5
f 62/40/57 65/41/68 81/41/71
f 62/40/57 81/41/71 96/6/58
f 85/29/60 78/28/72 80/28/89
f 85/29/60 80/28/89 86/29/90
f 86/29/90 80/28/89 79/28/80
f 86/29/90 79/28/80 84/29/67
f 76/51/87 98/31/86 100/31/91
f 76/51/87 100/31/91 77/32/92
f 77/32/92 100/31/91 99/31/70
f 77/32/92 99/31/70 74/32/75
f 78/28/72 75/32/85 77/32/92
f 78/28/72 77/32/92 80/28/89
f 80/28/89 77/32/92 74/32/75
f 80/28/89 74/32/75 79/28/80
f 82/41/84 94/6/83 97/6/93
f 82/41/84 97/6/93 83/41/94
f 83/41/94 97/6/93 96/6/58
f 83/41/94 96/6/58 81/41/71
f 88/42/61 85/29/60 86/29/90
f 88/42/61 86/29/90 89/42/95
f 89/42/95 86/29/90 84/29/67
f 89/42/95 84/29/67 87/42/65
f 92/5/88 88/42/61 89/42/95
f 92/5/88 89/42/95 93/5/96
f 93/5/96 89/42/95 87/42/65
f 93/5/96 87/42/65 90/44/59
f 98/31/86 82/41/84 83/41/94
f 98/31/86 83/41/94 100/31/91
f 100/31/91 83/41/94 81/41/71
f 100/31/91 81/41/71 99/31/70
f 95/52/83 92/5/88 93/5/96
f 95/52/83 93/5/96 97/6/93
f 97/6/93 93/5/96 91/43/59
f 97/6/93 91/43/59 96/6/58
f 16/32/74 64/30/79 79/28/80
f 16/32/74 79/28/80 74/32/75
f 20/1/1 116/4/97 121/3/98
f 20/1/1 121/3/98 7/2/2
f 137/5/99 141/5/100 139/6/101
f 137/5/99 139/6/101 132/6/102
f 158/7/103 157/10/104 104/9/105
f 158/7/103 104/9/105 108/8/106
f 108/8/106 104/9/105 119/12/107
f 108/8/106 119/12/107 120/11/108
f 10/13/15 103/16/109 117/15/110
f 10/13/15 117/15/110 12/14/16
f 104/9/105 9/18/20 11/17/19
f 104/9/105 11/17/19 119/12/107
f 71/19/21 156/20/111 103/16/109
f 71/19/21 103/16/109 10/13/15
f 115/21/112 147/21/113 146/22/114
f 115/21/112 146/22/114 114/22/115
f 118/23/116 19/25/29 8/24/28
f 118/23/116 8/24/28 115/21/112
f 121/3/98 148/3/117 54/26/30
f 121/3/98 54/26/30 7/2/2
f 103/16/109 108/8/106 120/11/108
f 103/16/109 120/11/108 117/15/110
f 157/10/104 72/27/32 9/18/20
f 157/10/104 9/18/20 104/9/105
f 145/28/118 128/30/119 125/29/120
f 145/28/118 125/29/120 143/29/121
f 138/31/122 129/31/123 123/32/124
f 138/31/122 123/32/124 140/32/125
f 119/12/107 11/17/19 19/25/29
f 119/12/107 19/25/29 118/23/116
f 140/32/125 123/32/124 128/30/119
f 140/32/125 128/30/119 145/28/118
f 12/14/16 117/15/110 116/4/97
f 12/14/16 116/4/97 20/1/1
f 101/33/126 115/21/112 114/22/115
f 101/33/126 114/22/115 107/34/127
f 111/35/128 116/4/97 117/15/110
f 111/35/128 117/15/110 105/30/129
f 106/31/130 119/12/107 118/23/116
f 106/31/130 118/23/116 112/36/131
f 109/32/132 120/11/108 119/12/107
f 109/32/132 119/12/107 106/31/130
f 107/34/127 114/22/115 121/3/98
f 107/34/127 121/3/98 102/37/133
f 105/30/129 117/15/110 120/11/108
f 105/30/129 120/11/108 109/32/132
f 102/37/133 121/3/98 116/4/97
f 102/37/133 116/4/97 111/35/128
f 122/38/134 126/41/135 127/40/136
f 122/38/134 127/40/136 124/39/137
f 125/29/120 122/38/134 124/39/137
f 125/29/120 124/39/137 130/42/138
f 128/30/119 123/32/124 122/38/134
f 128/30/119 122/38/134 125/29/120
f 123/32/124 129/31/123 126/41/135
f 123/32/124 126/41/135 122/38/134
f 139/6/101 127/40/136 126/41/135
f 139/6/101 126/41/135 144/41/139
f 143/29/121 125/29/120 130/42/138
f 143/29/121 130/42/138 142/42/140
f 142/42/140 130/42/138 124/39/137
f 142/42/140 124/39/137 141/5/100
f 144/41/139 126/41/135 129/31/123
f 144/41/139 129/31/123 138/31/122
f 155/5/141 176/43/142 181/6/143
f 155/5/141 181/6/143 149/40/144
f 170/29/145 135/29/146 136/42/147
f 170/29/145 136/42/147 173/42/148
f 154/42/149 172/42/150 175/44/142
f 154/42/149 175/44/142 155/5/141
f 153/29/151 169/29/152 172/42/150
f 153/29/151 172/42/150 154/42/149
f 152/41/153 166/41/154 184/31/155
f 152/41/153 184/31/155 150/45/156
f 163/28/157 131/46/158 135/29/146
f 163/28/157 135/29/146 170/29/145
f 150/45/156 184/31/155 159/32/159
f 150/45/156 159/32/159 110/32/160
f 131/46/158 145/28/118 143/29/121
f 131/46/158 143/29/121 135/29/146
f 134/31/161 138/31/122 140/32/125
f 134/31/161 140/32/125 113/32/162
f 113/32/162 140/32/125 145/28/118
f 113/32/162 145/28/118 131/46/158
f 132/6/102 139/6/101 144/41/139
f 132/6/102 144/41/139 133/41/163
f 135/29/146 143/29/121 142/42/140
f 135/29/146 142/42/140 136/42/147
f 136/42/147 142/42/140 141/5/100
f 136/42/147 141/5/100 137/5/99
f 133/41/163 144/41/139 138/31/122
f 133/41/163 138/31/122 134/31/161
f 141/5/100 124/39/137 127/40/136
f 141/5/100 127/40/136 139/6/101
f 112/36/131 118/23/116 115/21/112
f 112/36/131 115/21/112 101/33/126
f 151/30/164 164/28/165 169/29/152
f 151/30/164 169/29/152 153/29/151
f 156/20/111 158/7/103 108/8/106
f 156/20/111 108/8/106 103/16/109
f 146/22/114 147/21/113 57/48/82
f 146/22/114 57/48/82 58/47/81
f 148/3/117 146/22/114 58/47/81
f 148/3/117 58/47/81 55/49/30
f 114/22/115 146/22/114 148/3/117
f 114/22/115 148/3/117 121/3/98
f 8/24/28 56/50/82 147/21/113
f 8/24/28 147/21/113 115/21/112
f 105/30/129 151/30/164 153/29/151
f 105/30/129 153/29/151 111/35/128
f 106/31/130 150/45/156 110/32/160
f 106/31/130 110/32/160 109/32/132
f 109/32/132 110/32/160 151/30/164
f 109/32/132 151/30/164 105/30/129
f 101/33/126 149/40/144 152/41/153
f 101/33/126 152/41/153 112/36/131
f 111/35/128 153/29/151 154/42/149
f 111/35/128 154/42/149 102/37/133
f 102/37/133 154/42/149 155/5/141
f 102/37/133 155/5/141 107/34/127
f 112/36/131 152/41/153 150/45/156
f 112/36/131 150/45/156 106/31/130
f 107/34/127 155/5/141 149/40/144
f 107/34/127 149/40/144 101/33/126
f 179/6/166 132/6/102 133/41/163
f 179/6/166 133/41/163 167/41/167
f 160/32/168 113/32/162 131/46/158
f 160/32/168 131/46/158 163/28/157
f 183/31/169 134/31/161 113/32/162
f 183/31/169 113/32/162 161/51/170
f 167/41/167 133/41/163 134/31/161
f 167/41/167 134/31/161 183/31/169
f 173/42/148 136/42/147 137/5/99
f 173/42/148 137/5/99 177/5/171
f 177/5/171 137/5/99 132/6/102
f 177/5/171 132/6/102 180/52/166
f 149/40/144 181/6/143 166/41/154
f 149/40/144 166/41/154 152/41/153
f 170/29/145 171/29/172 165/28/173
f 170/29/145 165/28/173 163/28/157
f 171/29/172 169/29/152 164/28/165
f 171/29/172 164/28/165 165/28/173
f 161/51/170 162/32/174 185/31/175
f 161/51/170 185/31/175 183/31/169
f 162/32/174 159/32/159 184/31/155
f 162/32/174 184/31/155 185/31/175
f 163/28/157 165/28/173 162/32/174
f 163/28/157 162/32/174 160/32/168
f 165/28/173 164/28/165 159/32/159
f 165/28/173 159/32/159 162/32/174
f 167/41/167 168/41/176 182/6/177
f 167/41/167 182/6/177 179/6/166
f 168/41/176 166/41/154 181/6/143
f 168/41/176 181/6/143 182/6/177
f 173/42/148 174/42/178 171/29/172
f 173/42/148 171/29/172 170/29/145
f 174/42/178 172/42/150 169/29/152
f 174/42/178 169/29/152 171/29/172
f 177/5/171 178/5/179 174/42/178
f 177/5/171 174/42/178 173/42/148
f 178/5/179 175/44/142 172/42/150
f 178/5/179 172/42/150 174/42/178
f 183/31/169 185/31/175 168/41/176
f 183/31/169 168/41/176 167/41/167
f 185/31/175 184/31/155 166/41/154
f 185/31/175 166/41/154 168/41/176
f 180/52/166 182/6/177 178/5/179
f 180/52/166 178/5/179 177/5/171
f 182/6/177 181/6/143 176/43/142
f 182/6/177 176/43/142 178/5/179
f 110/32/160 159/32/159 164/28/165
f 110/32/160 164/28/165 151/30/164
s 0
f 69/53/180 73/53/180 71/53/180
f 72/53/180 157/53/180 158/53/180
f 156/53/180 71/53/180 158/53/180
f 72/53/180 71/53/180 73/53/180
f 72/53/180 158/53/180 71/53/180
f 70/53/180 72/53/180 73/53/180
o Head_Mesh
v -0.018666 0.311394 0.041635
v -0.018666 0.311394 0.041635
v -0.018666 0.311394 0.041635
v -0.035104 0.472375 0.042771
v -0.035104 0.472375 0.042771
v -0.035104 0.472375 0.042771
v -0.021594 0.321647 -0.011293
v -0.021594 0.321647 -0.011293
v -0.035104 0.473840 -0.033884
v -0.035104 0.473840 -0.033884
v 0.018666 0.311394 0.041635
v 0.035104 0.472375 0.042771
v 0.021594 0.321647 -0.011293
v 0.035104 0.473841 -0.033884
v -0.052887 0.408118 0.057573
v -0.052887 0.408118 0.057573
v -0.052887 0.408606 -0.057692
v -0.052887 0.408606 -0.057692
v 0.052887 0.408606 -0.057692
v 0.052887 0.408606 -0.057692
v 0.052887 0.408118 0.057573
v 0.052887 0.408118 0.057573
v -0.041856 0.350612 -0.039443
v -0.041856 0.350612 -0.039443
v 0.041856 0.350612 -0.039443
v 0.041856 0.350612 -0.039443
v 0.039905 0.347194 0.054948
v 0.039905 0.347194 0.054948
v -0.039905 0.347194 0.054948
v -0.039905 0.347194 0.054948
v -0.022489 0.320166 -0.006750
v -0.022489 0.320166 -0.006750
v -0.023281 0.318182 -0.000075
v -0.023281 0.318182 -0.000075
v -0.023608 0.316162 0.007591
v -0.023608 0.316162 0.007591
v -0.023388 0.314348 0.015676
v -0.023388 0.314348 0.015676
v -0.022610 0.312928 0.023670
v -0.022610 0.312928 0.023670
v -0.021394 0.311967 0.031089
v -0.021394 0.311967 0.031089
v -0.019928 0.311482 0.037415
v -0.019928 0.311482 0.037415
v -0.052551 0.417681 0.057239
v -0.052551 0.417681 0.057239
v -0.051632 0.427495 0.056605
v -0.051632 0.427495 0.056605
v -0.050090 0.437212 0.055533
v -0.050090 0.437212 0.055533
v -0.047883 0.446487 0.053888
v -0.047883 0.446487 0.053888
v -0.045009 0.454985 0.051579
v -0.045009 0.454985 0.051579
v -0.041636 0.462416 0.048708
v -0.041636 0.462416 0.048708
v -0.038041 0.468465 0.045496
v -0.038041 0.468465 0.045496
v -0.037305 0.474158 0.036662
v -0.037305 0.474158 0.036662
v -0.039648 0.476133 0.027475
v -0.039648 0.476133 0.027475
v -0.041283 0.477616 0.016683
v -0.041283 0.477616 0.016683
v -0.041885 0.478320 0.005058
v -0.041885 0.478320 0.005058
v -0.041283 0.478078 -0.006679
v -0.041283 0.478078 -0.006679
v -0.039648 0.477021 -0.017770
v -0.039648 0.477021 -0.017770
v -0.037305 0.475399 -0.027381
v -0.037305 0.475399 -0.027381
v -0.039754 0.345508 -0.035960
v -0.037576 0.340807 -0.032444
v -0.035241 0.336500 -0.028864
v -0.032671 0.332582 -0.025187
v -0.029824 0.329057 -0.021409
v -0.026822 0.325967 -0.017628
v -0.023871 0.323389 -0.014028
v 0.018039 0.321464 -0.012712
v 0.018039 0.321464 -0.012712
v 0.012743 0.321281 -0.014212
v 0.012743 0.321281 -0.014212
v 0.006579 0.321164 -0.015251
v 0.006579 0.321164 -0.015251
v -0.000000 0.321124 -0.015631
v -0.000000 0.321124 -0.015631
v -0.006579 0.321164 -0.015251
v -0.006579 0.321164 -0.015251
v -0.012743 0.321281 -0.014212
v -0.012743 0.321281 -0.014212
v -0.018039 0.321464 -0.012712
v -0.018039 0.321464 -0.012712
v -0.029324 0.475584 -0.036106
v -0.029324 0.475584 -0.036106
v -0.020714 0.477464 -0.038473
v -0.020714 0.477464 -0.038473
v -0.010694 0.478794 -0.040124
v -0.010694 0.478794 -0.040124
v 0.000000 0.479288 -0.040732
v 0.000000 0.479288 -0.040732
v 0.010694 0.478794 -0.040124
v 0.010694 0.478794 -0.040124
v 0.020714 0.477464 -0.038473
v 0.020714 0.477464 -0.038473
v 0.029324 0.475584 -0.036106
v 0.029324 0.475584 -0.036106
v 0.039754 0.345508 -0.035960
v 0.037576 0.340807 -0.032444
v 0.035241 0.336500 -0.028864
v 0.032671 0.332582 -0.025187
v 0.029824 0.329057 -0.021409
v 0.026822 0.325967 -0.017628
v 0.023871 0.323389 -0.014028
v 0.019928 0.311482 0.037415
v 0.021394 0.311967 0.031089
v 0.022610 0.312928 0.023670
v 0.023388 0.314348 0.015676
v 0.023608 0.316162 0.007591
v 0.023281 0.318182 -0.000075
v 0.022489 0.320166 -0.006750
v 0.037305 0.475399 -0.027381
v 0.039648 0.477021 -0.017770
v 0.041283 0.478078 -0.006679
v 0.041885 0.478320 0.005058
v 0.041283 0.477616 0.016683
v 0.039648 0.476133 0.027475
v 0.037305 0.474158 0.036662
v 0.037007 0.340680 0.054092
v 0.034014 0.334433 0.053065
v 0.031014 0.328632 0.051795
v 0.028089 0.323457 0.050207
v 0.025317 0.319066 0.048253
v 0.022731 0.315535 0.046005
v 0.020390 0.312920 0.043609
v -0.015478 0.310185 0.043378
v -0.015478 0.310185 0.043378
v -0.010856 0.308867 0.045227
v -0.010856 0.308867 0.045227
v -0.005581 0.307926 0.046512
v -0.005581 0.307926 0.046512
v -0.000000 0.307572 0.046984
v -0.000000 0.307572 0.046984
v 0.005581 0.307926 0.046512
v 0.005581 0.307926 0.046512
v 0.010856 0.308867 0.045227
v 0.010856 0.308867 0.045227
v 0.015478 0.310185 0.043378
v 0.015478 0.310185 0.043378
v 0.029324 0.473972 0.045387
v 0.029324 0.473972 0.045387
v 0.020714 0.475690 0.048178
v 0.020714 0.475690 0.048178
v 0.010694 0.476901 0.050128
v 0.010694 0.476901 0.050128
v -0.000000 0.477351 0.050848
v -0.000000 0.477351 0.050848
v -0.010694 0.476901 0.050128
v -0.010694 0.476901 0.050128
v -0.020714 0.475690 0.048178
v -0.020714 0.475690 0.048178
v -0.029324 0.473972 0.045387
v -0.029324 0.473972 0.045387
v -0.042630 0.353836 0.055697
v -0.042630 0.353836 0.055697
v -0.045130 0.360628 0.056342
v -0.045130 0.360628 0.056342
v -0.047361 0.367635 0.056875
v -0.047361 0.367635 0.056875
v -0.049277 0.374921 0.057289
v -0.049277 0.374921 0.057289
v -0.050832 0.382548 0.057574
v -0.050832 0.382548 0.057574
v -0.051983 0.390581 0.057722
v -0.051983 0.390581 0.057722
v -0.052682 0.399083 0.057725
v -0.052682 0.399083 0.057725
v -0.038041 0.469962 -0.037515
v -0.041636 0.463907 -0.042067
v -0.045009 0.456413 -0.046465
v -0.047883 0.447792 -0.050339
v -0.050090 0.438337 -0.053446
v -0.051632 0.428406 -0.055721
v -0.052551 0.418371 -0.057143
v 0.038041 0.469962 -0.037515
v 0.041636 0.463907 -0.042067
v 0.045009 0.456413 -0.046465
v 0.047883 0.447792 -0.050339
v 0.050090 0.438337 -0.053446
v 0.051632 0.428406 -0.055721
v 0.052551 0.418371 -0.057143
v 0.038041 0.468465 0.045496
v 0.041636 0.462416 0.048708
v 0.045009 0.454985 0.051579
v 0.047883 0.446487 0.053888
v 0.050090 0.437212 0.055533
v 0.051632 0.427495 0.056605
v 0.052551 0.417681 0.057239
v 0.041834 0.408078 0.067029
v 0.028922 0.408049 0.073783
v 0.014771 0.408032 0.077835
v -0.000000 0.408026 0.079186
v -0.014771 0.408032 0.077835
v -0.028922 0.408049 0.073783
v -0.041834 0.408078 0.067029
v 0.061563 0.408555 -0.045648
v 0.061563 0.408555 -0.045648
v 0.067761 0.408496 -0.031577
v 0.067761 0.408496 -0.031577
v 0.071479 0.408430 -0.016156
v 0.071479 0.408430 -0.016156
v 0.072719 0.408362 -0.000059
v 0.072719 0.408362 -0.000059
v 0.071480 0.408294 0.016037
v 0.071480 0.408294 0.016037
v 0.067761 0.408228 0.031459
v 0.067761 0.408228 0.031459
v 0.061563 0.408169 0.045529
v 0.061563 0.408169 0.045529
v -0.041834 0.408646 -0.067148
v -0.041834 0.408646 -0.067148
v -0.028922 0.408675 -0.073901
v -0.028922 0.408675 -0.073901
v -0.014771 0.408692 -0.077954
v 0.000000 0.408698 -0.079305
v 0.000000 0.408698 -0.079305
v 0.014771 0.408692 -0.077954
v 0.014771 0.408692 -0.077954
v 0.028922 0.408675 -0.073901
v 0.028922 0.408675 -0.073901
v 0.041834 0.408646 -0.067148
v -0.061563 0.408169 0.045529
v -0.067761 0.408228 0.031459
v -0.071480 0.408294 0.016037
v -0.072719 0.408362 -0.000059
v -0.071480 0.408430 -0.016156
v -0.067761 0.408496 -0.031577
v -0.061563 0.408555 -0.045648
v -0.052686 0.399417 -0.057369
v -0.052686 0.399417 -0.057369
v -0.052013 0.390840 -0.056263
v -0.050935 0.382847 -0.054486
v -0.050935 0.382847 -0.054486
v -0.049521 0.375409 -0.052150
v -0.047837 0.368495 -0.049366
v -0.045954 0.362078 -0.046246
v -0.043937 0.356126 -0.042901
v -0.043937 0.356126 -0.042901
v 0.052686 0.399417 -0.057369
v 0.052013 0.390840 -0.056263
v 0.050935 0.382847 -0.054486
v 0.049521 0.375409 -0.052150
v 0.047837 0.368495 -0.049366
v 0.045954 0.362078 -0.046246
v 0.043937 0.356126 -0.042901
v 0.052682 0.399083 0.057725
v 0.052682 0.399083 0.057725
v 0.051983 0.390581 0.057722
v 0.051983 0.390581 0.057722
v 0.050832 0.382548 0.057574
v 0.050832 0.382548 0.057574
v 0.049277 0.374921 0.057289
v 0.049277 0.374921 0.057289
v 0.047361 0.367635 0.056875
v 0.045130 0.360628 0.056342
v 0.042630 0.353836 0.055697
v 0.042630 0.353836 0.055697
v -0.020390 0.312920 0.043609
v -0.020390 0.312920 0.043609
v -0.022731 0.315535 0.046005
v -0.022731 0.315535 0.046005
v -0.025317 0.319066 0.048253
v -0.025317 0.319066 0.048253
v -0.028089 0.323457 0.050207
v -0.028089 0.323457 0.050207
v -0.031014 0.328632 0.051795
v -0.031014 0.328632 0.051795
v -0.034014 0.334433 0.053065
v -0.034014 0.334433 0.053065
v -0.037007 0.340680 0.054092
v -0.037007 0.340680 0.054092
v -0.046695 0.347551 0.045085
v -0.051707 0.347968 0.033563
v -0.054894 0.348426 0.020934
v -0.056211 0.348903 0.007752
v -0.055611 0.349380 -0.005429
v -0.053049 0.349837 -0.018058
v -0.048480 0.350254 -0.029580
v -0.033229 0.350892 -0.047186
v -0.023027 0.351092 -0.052717
v -0.023027 0.351092 -0.052717
v -0.011776 0.351212 -0.056036
v -0.011776 0.351212 -0.056036
v 0.000000 0.351252 -0.057142
v 0.000000 0.351252 -0.057142
v 0.011776 0.351212 -0.056036
v 0.011776 0.351212 -0.056036
v 0.023027 0.351092 -0.052717
v 0.023027 0.351092 -0.052717
v 0.033229 0.350892 -0.047186
v 0.048480 0.350254 -0.029580
v 0.053049 0.349837 -0.018058
v 0.053049 0.349837 -0.018058
v 0.055611 0.349380 -0.005429
v 0.055611 0.349380 -0.005429
v 0.056211 0.348903 0.007752
v 0.056211 0.348903 0.007752
v 0.054894 0.348426 0.020934
v 0.051707 0.347968 0.033563
v 0.051707 0.347968 0.033563
v 0.046695 0.347551 0.045085
v 0.046695 0.347551 0.045085
v 0.031445 0.346914 0.062691
v 0.021686 0.346713 0.068222
v 0.011059 0.346593 0.071541
v -0.000000 0.346553 0.072647
v -0.011059 0.346593 0.071541
v -0.021686 0.346713 0.068222
v -0.031445 0.346914 0.062691
v -0.061172 0.417754 0.045287
v -0.060098 0.427600 0.044871
v -0.058291 0.437364 0.044159
v -0.055698 0.446706 0.043028
v -0.052287 0.455300 0.041414
v -0.048114 0.462885 0.039489
v -0.043207 0.469229 0.037595
v -0.067329 0.417841 0.031325
v -0.066143 0.427733 0.031163
v -0.064140 0.437576 0.030866
v -0.061260 0.447042 0.030329
v -0.057443 0.455826 0.029499
v -0.052638 0.463715 0.028541
v -0.046771 0.470530 0.027717
v -0.071023 0.417936 0.016022
v -0.069768 0.427877 0.016136
v -0.067645 0.437801 0.016290
v -0.064586 0.447392 0.016396
v -0.060517 0.456360 0.016396
v -0.055347 0.464503 0.016365
v -0.048974 0.471645 0.016416
v -0.072255 0.418034 0.000049
v -0.070976 0.428014 0.000449
v -0.068812 0.437991 0.001069
v -0.065691 0.447653 0.001835
v -0.061537 0.456711 0.002677
v -0.056254 0.464962 0.003533
v -0.049737 0.472225 0.004346
v -0.071023 0.418129 -0.015925
v -0.069768 0.428131 -0.015240
v -0.067645 0.438114 -0.014160
v -0.064586 0.447753 -0.012744
v -0.060517 0.456753 -0.011079
v -0.055347 0.464918 -0.009359
v -0.048974 0.472080 -0.007810
v -0.067329 0.418219 -0.031229
v -0.066143 0.428231 -0.030271
v -0.064140 0.438189 -0.028753
v -0.061260 0.447750 -0.026718
v -0.057443 0.456599 -0.024263
v -0.052638 0.464528 -0.021673
v -0.046771 0.471373 -0.019326
v -0.061172 0.418300 -0.045191
v -0.060098 0.428320 -0.043985
v -0.058291 0.438252 -0.042063
v -0.055698 0.447733 -0.039459
v -0.052287 0.456422 -0.036261
v -0.048114 0.464060 -0.032774
v -0.043207 0.470429 -0.029468
v -0.041569 0.418429 -0.066525
v -0.040845 0.428491 -0.064929
v -0.039631 0.438465 -0.062364
v -0.037897 0.447984 -0.058838
v -0.035662 0.456700 -0.054378
v -0.033149 0.464349 -0.049101
v -0.030735 0.470698 -0.043091
v -0.028739 0.418472 -0.073226
v -0.028239 0.428567 -0.071502
v -0.027403 0.438608 -0.068720
v -0.026210 0.448242 -0.064875
v -0.024684 0.457146 -0.059960
v -0.023036 0.465098 -0.053969
v -0.021560 0.471916 -0.046863
v -0.014677 0.418499 -0.077247
v -0.014423 0.428622 -0.075443
v -0.013996 0.438724 -0.072526
v -0.013388 0.448470 -0.068478
v -0.012615 0.457549 -0.063275
v -0.011801 0.465751 -0.056862
v -0.011102 0.472892 -0.049173
v -0.000000 0.418509 -0.078587
v 0.000000 0.428643 -0.076756
v 0.000000 0.438772 -0.073791
v -0.000000 0.448567 -0.069672
v -0.000000 0.457724 -0.064370
v -0.000000 0.466025 -0.057825
v -0.000000 0.473278 -0.049968
v 0.014677 0.418499 -0.077247
v 0.014423 0.428622 -0.075443
v 0.013996 0.438724 -0.072526
v 0.013388 0.448470 -0.068478
v 0.012615 0.457549 -0.063275
v 0.011801 0.465751 -0.056862
v 0.011102 0.472892 -0.049173
v 0.028739 0.418472 -0.073226
v 0.028239 0.428567 -0.071502
v 0.027403 0.438608 -0.068720
v 0.026210 0.448242 -0.064875
v 0.024684 0.457146 -0.059960
v 0.023036 0.465098 -0.053969
v 0.021560 0.471916 -0.046863
v 0.041569 0.418429 -0.066525
v 0.040845 0.428491 -0.064929
v 0.039631 0.438465 -0.062364
v 0.037897 0.447984 -0.058838
v 0.035662 0.456700 -0.054378
v 0.033149 0.464349 -0.049101
v 0.030735 0.470698 -0.043091
v 0.061172 0.418300 -0.045191
v 0.060098 0.428320 -0.043985
v 0.058291 0.438252 -0.042063
v 0.055698 0.447733 -0.039459
v 0.052287 0.456422 -0.036261
v 0.048114 0.464060 -0.032774
v 0.043207 0.470429 -0.029468
v 0.067329 0.418219 -0.031229
v 0.066143 0.428231 -0.030271
v 0.064140 0.438189 -0.028753
v 0.061260 0.447750 -0.026718
v 0.057443 0.456599 -0.024263
v 0.052638 0.464528 -0.021673
v 0.046771 0.471373 -0.019326
v 0.071023 0.418129 -0.015925
v 0.069768 0.428131 -0.015240
v 0.067645 0.438114 -0.014160
v 0.064586 0.447753 -0.012744
v 0.060517 0.456753 -0.011079
v 0.055347 0.464918 -0.009359
v 0.048974 0.472080 -0.007810
v 0.072255 0.418034 0.000049
v 0.070976 0.428014 0.000449
v 0.068812 0.437991 0.001069
v 0.065691 0.447653 0.001835
v 0.061537 0.456711 0.002677
v 0.056254 0.464962 0.003533
v 0.049737 0.472225 0.004346
v 0.071023 0.417936 0.016022
v 0.069768 0.427877 0.016136
v 0.067645 0.437801 0.016290
v 0.064586 0.447392 0.016396
v 0.060517 0.456360 0.016396
v 0.055347 0.464503 0.016365
v 0.048974 0.471645 0.016416
v 0.067329 0.417841 0.031325
v 0.066143 0.427733 0.031163
v 0.064140 0.437576 0.030866
v 0.061260 0.447042 0.030329
v 0.057443 0.455826 0.029499
v 0.052638 0.463715 0.028541
v 0.046771 0.470530 0.027717
v 0.061172 0.417754 0.045287
v 0.060098 0.427600 0.044871
v 0.058291 0.437364 0.044159
v 0.055698 0.446706 0.043028
v 0.052287 0.455300 0.041414
v 0.048114 0.462885 0.039489
v 0.043207 0.469229 0.037595
v 0.041569 0.417626 0.066621
v 0.040845 0.427429 0.065815
v 0.039631 0.437152 0.064460
v 0.037897 0.446456 0.062407
v 0.035662 0.455021 0.059531
v 0.033149 0.462596 0.055815
v 0.030735 0.468959 0.051218
v 0.028739 0.417588 0.073323
v 0.028239 0.427397 0.072393
v 0.027403 0.437158 0.070833
v 0.026210 0.446550 0.068485
v 0.024684 0.455279 0.065196
v 0.023036 0.463145 0.060836
v 0.021560 0.469986 0.055255
v 0.014677 0.417566 0.077344
v 0.014423 0.427387 0.076339
v 0.013996 0.437191 0.074656
v 0.013388 0.446676 0.072129
v 0.012615 0.455564 0.068592
v 0.011801 0.463670 0.063868
v 0.011102 0.470833 0.057779
v -0.000000 0.417559 0.078684
v -0.000000 0.427386 0.077655
v -0.000000 0.437211 0.075930
v 0.000000 0.446739 0.073343
v 0.000000 0.455698 0.069723
v 0.000000 0.463898 0.064890
v 0.000000 0.471172 0.058660
v -0.014677 0.417566 0.077344
v -0.014423 0.427387 0.076339
v -0.013996 0.437191 0.074656
v -0.013388 0.446676 0.072129
v -0.012615 0.455564 0.068592
v -0.011801 0.463670 0.063868
v -0.011102 0.470833 0.057779
v -0.028739 0.417588 0.073323
v -0.028239 0.427397 0.072393
v -0.027403 0.437158 0.070833
v -0.026210 0.446550 0.068485
v -0.024684 0.455279 0.065196
v -0.023036 0.463145 0.060836
v -0.021560 0.469986 0.055255
v -0.041569 0.417626 0.066621
v -0.040845 0.427429 0.065815
v -0.039631 0.437152 0.064460
v -0.037897 0.446456 0.062407
v -0.035662 0.455021 0.059531
v -0.033149 0.462596 0.055815
v -0.030735 0.468959 0.051218
v -0.017770 0.319039 -0.006659
v -0.012332 0.318413 -0.007300
v -0.006317 0.318078 -0.007899
v 0.000000 0.317973 -0.008147
v 0.006317 0.318078 -0.007899
v 0.012332 0.318413 -0.007300
v 0.017770 0.319039 -0.006659
v -0.017993 0.316636 0.000370
v -0.012277 0.315648 0.000269
v -0.006227 0.315101 0.000026
v -0.000000 0.314930 -0.000104
v 0.006227 0.315101 0.000026
v 0.012277 0.315648 0.000269
v 0.017993 0.316636 0.000370
v -0.018112 0.314348 0.008103
v -0.012271 0.313103 0.008285
v -0.006195 0.312382 0.008294
v 0.000000 0.312150 0.008268
v 0.006195 0.312382 0.008294
v 0.012271 0.313103 0.008285
v 0.018112 0.314348 0.008103
v -0.017929 0.312358 0.016139
v -0.012137 0.310932 0.016471
v -0.006124 0.310075 0.016671
v 0.000000 0.309789 0.016737
v 0.006124 0.310075 0.016671
v 0.012137 0.310932 0.016471
v 0.017929 0.312358 0.016139
v -0.017372 0.310840 0.024066
v -0.011781 0.309292 0.024534
v -0.005950 0.308331 0.024916
v 0.000000 0.308000 0.025073
v 0.005950 0.308331 0.024916
v 0.011781 0.309292 0.024534
v 0.017372 0.310840 0.024066
v -0.016570 0.309896 0.031486
v -0.011310 0.308312 0.032186
v -0.005736 0.307295 0.032793
v 0.000000 0.306935 0.033046
v 0.005736 0.307295 0.032793
v 0.011310 0.308312 0.032186
v 0.016570 0.309896 0.031486
v -0.015759 0.309622 0.038020
v -0.010910 0.308119 0.039156
v -0.005577 0.307111 0.040068
v -0.000000 0.306742 0.040426
v 0.005577 0.307111 0.040068
v 0.010910 0.308119 0.039156
v 0.015759 0.309622 0.038020
v 0.029824 0.479035 -0.027532
v 0.020816 0.481651 -0.028685
v 0.010692 0.483312 -0.029709
v 0.000000 0.483898 -0.030127
v -0.010692 0.483312 -0.029709
v -0.020816 0.481651 -0.028685
v -0.029824 0.479035 -0.027532
v 0.031136 0.481397 -0.017393
v 0.021458 0.484525 -0.017749
v 0.010943 0.486435 -0.018240
v 0.000000 0.487086 -0.018478
v -0.010943 0.486435 -0.018240
v -0.021458 0.484525 -0.017749
v -0.031136 0.481397 -0.017393
v 0.032233 0.482778 -0.006138
v 0.022098 0.486150 -0.006027
v 0.011232 0.488185 -0.006113
v 0.000000 0.488867 -0.006186
v -0.011232 0.488185 -0.006113
v -0.022098 0.486150 -0.006027
v -0.032233 0.482778 -0.006138
v 0.032672 0.483095 0.005620
v 0.022381 0.486514 0.006023
v 0.011370 0.488571 0.006265
v -0.000000 0.489258 0.006346
v -0.011370 0.488571 0.006265
v -0.022381 0.486514 0.006023
v -0.032672 0.483095 0.005620
v 0.032233 0.482277 0.017245
v 0.022098 0.485605 0.017923
v 0.011232 0.487606 0.018484
v -0.000000 0.488274 0.018717
v -0.011232 0.487606 0.018484
v -0.022098 0.485605 0.017923
v -0.032233 0.482277 0.017245
v 0.031136 0.480434 0.028120
v 0.021458 0.483476 0.029203
v 0.010943 0.485319 0.030136
v -0.000000 0.485943 0.030524
v -0.010943 0.485319 0.030136
v -0.021458 0.483476 0.029203
v -0.031136 0.480434 0.028120
v 0.029824 0.477689 0.037657
v 0.020816 0.480180 0.039412
v 0.010692 0.481744 0.040816
v -0.000000 0.482292 0.041368
v -0.010692 0.481744 0.040816
v -0.020816 0.480180 0.039412
v -0.029824 0.477689 0.037657
v 0.033640 0.353648 0.063785
v 0.035648 0.360509 0.064757
v 0.037434 0.367565 0.065590
v 0.038964 0.374881 0.066266
v 0.040203 0.382523 0.066766
v 0.041117 0.390559 0.067072
v 0.041672 0.399055 0.067166
v 0.023221 0.353514 0.069562
v 0.024623 0.360424 0.070768
v 0.025867 0.367514 0.071815
v 0.026931 0.374852 0.072678
v 0.027792 0.382506 0.073332
v 0.028426 0.390544 0.073751
v 0.028810 0.399036 0.073910
v 0.011849 0.353433 0.073028
v 0.012569 0.360373 0.074375
v 0.013207 0.367484 0.075550
v 0.013752 0.374835 0.076526
v 0.014193 0.382495 0.077272
v 0.014517 0.390535 0.077758
v 0.014714 0.399024 0.077956
v -0.000000 0.353406 0.074184
v -0.000000 0.360356 0.075577
v 0.000000 0.367474 0.076795
v 0.000000 0.374829 0.077808
v -0.000000 0.382492 0.078585
v -0.000000 0.390532 0.079094
v -0.000000 0.399020 0.079305
v -0.011849 0.353433 0.073028
v -0.012569 0.360373 0.074375
v -0.013207 0.367484 0.075550
v -0.013752 0.374835 0.076526
v -0.014193 0.382495 0.077272
v -0.014517 0.390535 0.077758
v -0.014714 0.399024 0.077956
v -0.023221 0.353514 0.069562
v -0.024623 0.360424 0.070768
v -0.025867 0.367514 0.071815
v -0.026931 0.374852 0.072678
v -0.027792 0.382506 0.073332
v -0.028426 0.390544 0.073751
v -0.028810 0.399036 0.073910
v -0.033640 0.353648 0.063785
v -0.035648 0.360509 0.064757
v -0.037434 0.367565 0.065590
v -0.038964 0.374881 0.066266
v -0.040203 0.382523 0.066766
v -0.041117 0.390559 0.067072
v -0.041672 0.399055 0.067166
v 0.050982 0.355887 -0.032598
v 0.053390 0.361926 -0.035526
v 0.055626 0.368406 -0.038265
v 0.057615 0.375358 -0.040715
v 0.059279 0.382816 -0.042777
v 0.060543 0.390813 -0.044353
v 0.061330 0.399382 -0.045343
v 0.055907 0.355607 -0.020563
v 0.058634 0.361749 -0.023003
v 0.061150 0.368301 -0.025296
v 0.063376 0.375298 -0.027355
v 0.065230 0.382779 -0.029098
v 0.066633 0.390781 -0.030438
v 0.067503 0.399341 -0.031293
v 0.058741 0.355301 -0.007371
v 0.061704 0.361555 -0.009278
v 0.064421 0.368186 -0.011082
v 0.066810 0.375233 -0.012714
v 0.068791 0.382739 -0.014105
v 0.070284 0.390747 -0.015188
v 0.071207 0.399296 -0.015895
v 0.059515 0.354981 0.006398
v 0.062620 0.361353 0.005048
v 0.065449 0.368065 0.003755
v 0.067923 0.375165 0.002569
v 0.069965 0.382698 0.001544
v 0.071497 0.390710 0.000729
v 0.072441 0.399250 0.000178
v 0.058260 0.354661 0.020167
v 0.061402 0.361151 0.019374
v 0.064246 0.367945 0.018591
v 0.066721 0.375097 0.017852
v 0.068754 0.382656 0.017193
v 0.070273 0.390674 0.016647
v 0.071205 0.399203 0.016250
v 0.055008 0.354355 0.033358
v 0.058068 0.360957 0.033099
v 0.060823 0.367830 0.032805
v 0.063208 0.375031 0.032494
v 0.065159 0.382616 0.032185
v 0.066612 0.390639 0.031897
v 0.067500 0.399158 0.031649
v 0.049787 0.354075 0.045394
v 0.052637 0.360780 0.045622
v 0.055191 0.367725 0.045774
v 0.057392 0.374972 0.045853
v 0.059185 0.382579 0.045864
v 0.060515 0.390608 0.045811
v 0.061326 0.399118 0.045698
v -0.034836 0.356314 -0.050989
v -0.036401 0.362197 -0.054661
v -0.037870 0.368566 -0.058081
v -0.039187 0.375449 -0.061127
v -0.040297 0.382872 -0.063679
v -0.041145 0.390861 -0.065613
v -0.041676 0.399444 -0.066810
v -0.024120 0.356448 -0.056766
v -0.025189 0.362282 -0.060672
v -0.026195 0.368616 -0.064306
v -0.027099 0.375478 -0.067540
v -0.027862 0.382890 -0.070245
v -0.028447 0.390877 -0.072292
v -0.028813 0.399464 -0.073554
v -0.012329 0.356529 -0.060233
v -0.012871 0.362332 -0.064279
v -0.013382 0.368647 -0.068041
v -0.013842 0.375495 -0.071387
v -0.014231 0.382900 -0.074184
v -0.014528 0.390886 -0.076299
v -0.014715 0.399475 -0.077600
v -0.000000 0.356556 -0.061388
v -0.000000 0.362350 -0.065481
v 0.000000 0.368657 -0.069286
v -0.000000 0.375500 -0.072670
v -0.000000 0.382904 -0.075498
v 0.000000 0.390889 -0.077635
v -0.000000 0.399479 -0.078949
v 0.012329 0.356529 -0.060233
v 0.012871 0.362332 -0.064279
v 0.013382 0.368647 -0.068041
v 0.013842 0.375495 -0.071387
v 0.014231 0.382900 -0.074184
v 0.014528 0.390886 -0.076299
v 0.014715 0.399475 -0.077600
v 0.024120 0.356448 -0.056766
v 0.025189 0.362282 -0.060672
v 0.026195 0.368616 -0.064306
v 0.027099 0.375478 -0.067540
v 0.027862 0.382890 -0.070245
v 0.028447 0.390877 -0.072292
v 0.028813 0.399464 -0.073554
v 0.034836 0.356314 -0.050989
v 0.036401 0.362197 -0.054661
v 0.037870 0.368566 -0.058081
v 0.039187 0.375449 -0.061127
v 0.040297 0.382872 -0.063679
v 0.041145 0.390861 -0.065613
v 0.041676 0.399444 -0.066810
v -0.049787 0.354075 0.045394
v -0.052637 0.360780 0.045622
v -0.055191 0.367725 0.045774
v -0.057392 0.374972 0.045853
v -0.059185 0.382579 0.045864
v -0.060515 0.390608 0.045811
v -0.061326 0.399118 0.045698
v -0.055008 0.354355 0.033358
v -0.058068 0.360957 0.033099
v -0.060823 0.367830 0.032805
v -0.063208 0.375031 0.032494
v -0.065159 0.382616 0.032185
v -0.066612 0.390639 0.031897
v -0.067500 0.399158 0.031649
v -0.058260 0.354661 0.020167
v -0.061402 0.361151 0.019374
v -0.064246 0.367945 0.018591
v -0.066721 0.375097 0.017852
v -0.068754 0.382656 0.017193
v -0.070273 0.390674 0.016647
v -0.071205 0.399203 0.016250
v -0.059515 0.354981 0.006398
v -0.062620 0.361353 0.005048
v -0.065449 0.368065 0.003755
v -0.067923 0.375165 0.002569
v -0.069965 0.382698 0.001544
v -0.071497 0.390710 0.000729
v -0.072441 0.399250 0.000178
v -0.058741 0.355301 -0.007371
v -0.061704 0.361555 -0.009278
v -0.064421 0.368186 -0.011082
v -0.066810 0.375233 -0.012714
v -0.068791 0.382739 -0.014105
v -0.070284 0.390747 -0.015188
v -0.071207 0.399296 -0.015895
v -0.055907 0.355607 -0.020563
v -0.058634 0.361749 -0.023003
v -0.061150 0.368301 -0.025296
v -0.063376 0.375298 -0.027355
v -0.065230 0.382779 -0.029098
v -0.066633 0.390781 -0.030438
v -0.067503 0.399341 -0.031293
v -0.050982 0.355887 -0.032598
v -0.053390 0.361926 -0.035526
v -0.055626 0.368406 -0.038265
v -0.057615 0.375358 -0.040715
v -0.059279 0.382816 -0.042777
v -0.060543 0.390813 -0.044353
v -0.061329 0.399382 -0.045343
v -0.023421 0.313699 0.038146
v -0.026662 0.316511 0.039567
v -0.029902 0.320071 0.041049
v -0.033210 0.324394 0.042360
v -0.036605 0.329447 0.043380
v -0.040033 0.335097 0.044134
v -0.043420 0.341184 0.044682
v -0.025721 0.314479 0.031298
v -0.029694 0.317507 0.031901
v -0.033491 0.321146 0.032589
v -0.037216 0.325436 0.033177
v -0.040935 0.330377 0.033543
v -0.044622 0.335866 0.033699
v -0.048228 0.341772 0.033690
v -0.027416 0.315527 0.023460
v -0.031856 0.318651 0.023366
v -0.036029 0.322328 0.023277
v -0.040026 0.326576 0.023097
v -0.043916 0.331396 0.022755
v -0.047701 0.336708 0.022259
v -0.051366 0.342417 0.021642
v -0.028434 0.316899 0.015083
v -0.033101 0.320001 0.014363
v -0.037453 0.323640 0.013520
v -0.041553 0.327805 0.012560
v -0.045458 0.332476 0.011487
v -0.049191 0.337593 0.010317
v -0.052770 0.343091 0.009066
v -0.028681 0.318574 0.006636
v -0.033356 0.321559 0.005311
v -0.037684 0.325081 0.003734
v -0.041708 0.329101 0.002006
v -0.045468 0.333583 0.000212
v -0.049009 0.338486 -0.001628
v -0.052375 0.343765 -0.003510
v -0.028094 0.320381 -0.001379
v -0.032504 0.323195 -0.003338
v -0.036590 0.326549 -0.005645
v -0.040366 0.330389 -0.008108
v -0.043842 0.334664 -0.010590
v -0.047070 0.339347 -0.013071
v -0.050117 0.344412 -0.015558
v -0.026591 0.322097 -0.008445
v -0.030400 0.324731 -0.011130
v -0.034022 0.327918 -0.014173
v -0.037397 0.331579 -0.017325
v -0.040469 0.335657 -0.020442
v -0.043288 0.340134 -0.023511
v -0.045932 0.345003 -0.026551
v -0.019494 0.323979 -0.017826
v -0.021636 0.326754 -0.022506
v -0.023937 0.329868 -0.026997
v -0.026156 0.333331 -0.031317
v -0.028150 0.337145 -0.035457
v -0.029946 0.341329 -0.039452
v -0.031616 0.345904 -0.043347
v -0.013743 0.324181 -0.020344
v -0.015152 0.327182 -0.025848
v -0.016706 0.330378 -0.030919
v -0.018224 0.333831 -0.035662
v -0.019585 0.337592 -0.040153
v -0.020804 0.341699 -0.044453
v -0.021934 0.346187 -0.048622
v -0.007095 0.324252 -0.021865
v -0.007795 0.327386 -0.027816
v -0.008577 0.330647 -0.033237
v -0.009348 0.334111 -0.038249
v -0.010038 0.337851 -0.042961
v -0.010654 0.341918 -0.047451
v -0.011224 0.346356 -0.051787
v 0.000000 0.324267 -0.022383
v 0.000000 0.327441 -0.028466
v -0.000000 0.330725 -0.033999
v 0.000000 0.334199 -0.039105
v 0.000000 0.337935 -0.043895
v 0.000000 0.341990 -0.048450
v -0.000000 0.346412 -0.052842
v 0.007095 0.324252 -0.021865
v 0.007795 0.327386 -0.027816
v 0.008577 0.330647 -0.033237
v 0.009348 0.334111 -0.038249
v 0.010038 0.337851 -0.042961
v 0.010654 0.341918 -0.047451
v 0.011224 0.346356 -0.051787
v 0.013743 0.324181 -0.020344
v 0.015152 0.327182 -0.025848
v 0.016706 0.330378 -0.030919
v 0.018224 0.333831 -0.035662
v 0.019585 0.337592 -0.040153
v 0.020804 0.341699 -0.044453
v 0.021934 0.346187 -0.048622
v 0.019494 0.323979 -0.017826
v 0.021636 0.326754 -0.022506
v 0.023937 0.329868 -0.026997
v 0.026156 0.333331 -0.031317
v 0.028150 0.337145 -0.035457
v 0.029946 0.341329 -0.039452
v 0.031616 0.345904 -0.043347
v 0.026591 0.322097 -0.008445
v 0.030400 0.324731 -0.011130
v 0.034022 0.327918 -0.014173
v 0.037397 0.331579 -0.017325
v 0.040469 0.335657 -0.020442
v 0.043288 0.340134 -0.023511
v 0.045932 0.345003 -0.026551
v 0.028094 0.320381 -0.001379
v 0.032504 0.323195 -0.003338
v 0.036590 0.326549 -0.005645
v 0.040366 0.330389 -0.008108
v 0.043842 0.334664 -0.010590
v 0.047070 0.339347 -0.013071
v 0.050117 0.344412 -0.015558
v 0.028681 0.318574 0.006636
v 0.033356 0.321559 0.005311
v 0.037684 0.325081 0.003734
v 0.041708 0.329101 0.002006
v 0.045468 0.333583 0.000212
v 0.049009 0.338486 -0.001628
v 0.052375 0.343765 -0.003510
v 0.028434 0.316899 0.015083
v 0.033101 0.320001 0.014363
v 0.037453 0.323640 0.013520
v 0.041553 0.327805 0.012560
v 0.045458 0.332476 0.011487
v 0.049191 0.337593 0.010317
v 0.052770 0.343091 0.009066
v 0.027416 0.315527 0.023460
v 0.031856 0.318651 0.023366
v 0.036029 0.322328 0.023277
v 0.040026 0.326576 0.023097
v 0.043916 0.331396 0.022755
v 0.047701 0.336708 0.022259
v 0.051366 0.342417 0.021642
v 0.025721 0.314479 0.031298
v 0.029694 0.317507 0.031901
v 0.033491 0.321146 0.032589
v 0.037216 0.325436 0.033177
v 0.040935 0.330377 0.033543
v 0.044622 0.335866 0.033699
v 0.048228 0.341772 0.033690
v 0.023421 0.313699 0.038146
v 0.026662 0.316511 0.039567
v 0.029902 0.320071 0.041049
v 0.033210 0.324394 0.042360
v 0.036605 0.329447 0.043380
v 0.040033 0.335097 0.044134
v 0.043420 0.341184 0.044682
v 0.016324 0.311817 0.047527
v 0.017898 0.314489 0.050943
v 0.019817 0.318121 0.053873
v 0.021968 0.322642 0.056352
v 0.024285 0.327958 0.058395
v 0.026691 0.333901 0.060075
v 0.029104 0.340283 0.061478
v 0.011370 0.310679 0.050263
v 0.012343 0.313520 0.054411
v 0.013607 0.317318 0.057863
v 0.015074 0.321994 0.060731
v 0.016678 0.327450 0.063105
v 0.018356 0.333514 0.065081
v 0.020045 0.339998 0.066754
v 0.005830 0.309848 0.051961
v 0.006296 0.312825 0.056493
v 0.006922 0.316762 0.060248
v 0.007666 0.321566 0.063352
v 0.008485 0.327128 0.065929
v 0.009346 0.333276 0.068083
v 0.010215 0.339827 0.069919
v 0.000000 0.309532 0.052549
v -0.000000 0.312560 0.057191
v 0.000000 0.316555 0.061040
v 0.000000 0.321412 0.064224
v 0.000000 0.327016 0.066869
v 0.000000 0.333196 0.069084
v 0.000000 0.339769 0.070974
v -0.005830 0.309848 0.051961
v -0.006296 0.312825 0.056493
v -0.006922 0.316762 0.060248
v -0.007666 0.321566 0.063352
v -0.008485 0.327128 0.065929
v -0.009346 0.333276 0.068083
v -0.010215 0.339827 0.069919
v -0.011370 0.310679 0.050263
v -0.012343 0.313520 0.054411
v -0.013607 0.317318 0.057863
v -0.015074 0.321994 0.060731
v -0.016678 0.327449 0.063105
v -0.018356 0.333514 0.065081
v -0.020045 0.339998 0.066754
v -0.016324 0.311817 0.047527
v -0.017898 0.314489 0.050943
v -0.019817 0.318121 0.053873
v -0.021968 0.322642 0.056352
v -0.024285 0.327958 0.058396
v -0.026691 0.333901 0.060075
v -0.029104 0.340283 0.061478
vn -0.8650 0.0813 0.4951
vn -0.8570 0.1537 0.4919
vn -0.9351 0.1579 0.3173
vn -0.9441 0.0824 0.3191
vn -0.8411 0.2400 0.4847
vn -0.9175 0.2451 0.3133
vn -0.8122 0.3434 0.4716
vn -0.8862 0.3477 0.3063
vn -0.7666 0.4574 0.4506
vn -0.8358 0.4629 0.2952
vn -0.7030 0.5731 0.4212
vn -0.7617 0.5845 0.2795
vn -0.6195 0.6850 0.3834
vn -0.6578 0.7064 0.2612
vn -0.9743 0.1630 0.1552
vn -0.9842 0.0844 0.1556
vn -0.9556 0.2513 0.1539
vn -0.9231 0.3533 0.1519
vn -0.8703 0.4696 0.1488
vn -0.7905 0.5952 0.1444
vn -0.6787 0.7211 0.1392
vn -0.9856 0.1693 0.0010
vn -0.9962 0.0874 -0.0001
vn -0.9658 0.2593 0.0024
vn -0.9323 0.3618 0.0043
vn -0.8783 0.4780 0.0067
vn -0.7966 0.6044 0.0102
vn -0.6830 0.7303 0.0133
vn -0.9722 0.1771 -0.1529
vn -0.9835 0.0917 -0.1558
vn -0.9515 0.2697 -0.1483
vn -0.9166 0.3737 -0.1418
vn -0.8619 0.4893 -0.1331
vn -0.7811 0.6123 -0.1221
vn -0.6696 0.7345 -0.1100
vn -0.9309 0.1868 -0.3140
vn -0.9427 0.0973 -0.3191
vn -0.9094 0.2825 -0.3053
vn -0.8737 0.3887 -0.2924
vn -0.8198 0.5025 -0.2746
vn -0.7439 0.6190 -0.2518
vn -0.6410 0.7334 -0.2263
vn -0.8509 0.1982 -0.4865
vn -0.8629 0.1043 -0.4946
vn -0.8295 0.2975 -0.4726
vn -0.7948 0.4058 -0.4512
vn -0.7446 0.5173 -0.4218
vn -0.6791 0.6250 -0.3850
vn -0.5968 0.7264 -0.3408
vn -0.7365 0.0220 0.6761
vn -0.7334 0.0805 0.6750
vn -0.8684 0.0172 0.4956
vn -0.7268 0.1496 0.6704
vn -0.7137 0.2347 0.6600
vn -0.6899 0.3385 0.6399
vn -0.6527 0.4524 0.6077
vn -0.6021 0.5657 0.5635
vn -0.5398 0.6709 0.5085
vn -0.4748 0.7562 0.4502
vn -0.5038 0.7875 0.3549
vn -0.5255 0.8139 0.2479
vn -0.5381 0.8319 0.1357
vn -0.5403 0.8413 0.0173
vn -0.5309 0.8416 -0.0996
vn -0.5119 0.8336 -0.2075
vn -0.4852 0.8183 -0.3082
vn -0.4540 0.7978 -0.3968
vn -0.5136 0.7267 -0.4562
vn -0.5744 0.6356 -0.5159
vn -0.6271 0.5331 -0.5679
vn -0.6696 0.4226 -0.6108
vn -0.7001 0.3125 -0.6420
vn -0.7195 0.2101 -0.6620
vn -0.7307 0.1119 -0.6734
vn -0.8674 0.0096 -0.4975
vn -0.7353 0.0117 -0.6776
vn -0.9470 0.0084 -0.3210
vn -0.9876 0.0080 -0.1570
vn -1.0000 0.0087 -0.0009
vn -0.9878 0.0107 0.1554
vn -0.9476 0.0132 0.3192
vn -0.5558 0.1182 -0.8228
vn -0.5465 0.2195 -0.8082
vn -0.3616 0.2252 -0.9048
vn -0.3681 0.1223 -0.9217
vn -0.5311 0.3237 -0.7830
vn -0.3512 0.3300 -0.8762
vn -0.5081 0.4346 -0.7436
vn -0.3366 0.4410 -0.8320
vn -0.4766 0.5465 -0.6886
vn -0.3171 0.5552 -0.7689
vn -0.4374 0.6515 -0.6198
vn -0.2927 0.6664 -0.6858
vn -0.3921 0.7477 -0.5359
vn -0.2665 0.7703 -0.5793
vn -0.1790 0.2281 -0.9570
vn -0.1824 0.1245 -0.9753
vn -0.1739 0.3330 -0.9268
vn -0.1673 0.4441 -0.8802
vn -0.1583 0.5594 -0.8136
vn -0.1480 0.6754 -0.7225
vn -0.1369 0.7838 -0.6057
vn -0.0000 0.2290 -0.9734
vn -0.0000 0.1252 -0.9921
vn -0.0000 0.3339 -0.9426
vn 0.0002 0.4443 -0.8959
vn -0.0001 0.5609 -0.8279
vn -0.0000 0.6784 -0.7347
vn 0.0004 0.7884 -0.6152
vn 0.1790 0.2281 -0.9570
vn 0.1823 0.1245 -0.9753
vn 0.1739 0.3332 -0.9267
vn 0.1672 0.4438 -0.8804
vn 0.1585 0.5594 -0.8136
vn 0.1480 0.6753 -0.7226
vn 0.1370 0.7839 -0.6056
vn 0.3616 0.2252 -0.9047
vn 0.3681 0.1223 -0.9217
vn 0.3512 0.3303 -0.8761
vn 0.3365 0.4413 -0.8319
vn 0.3170 0.5550 -0.7690
vn 0.2926 0.6664 -0.6858
vn 0.2664 0.7702 -0.5795
vn 0.5465 0.2196 -0.8081
vn 0.5559 0.1183 -0.8228
vn 0.5311 0.3239 -0.7829
vn 0.5079 0.4349 -0.7436
vn 0.4766 0.5462 -0.6888
vn 0.4375 0.6516 -0.6197
vn 0.3917 0.7479 -0.5359
vn -0.5599 0.0138 -0.8285
vn -0.3574 0.8303 -0.4276
vn -0.2471 0.8571 -0.4521
vn -0.1283 0.8741 -0.4685
vn -0.0000 0.8803 -0.4745
vn 0.1283 0.8741 -0.4685
vn 0.2471 0.8571 -0.4521
vn 0.3574 0.8303 -0.4276
vn 0.4540 0.7978 -0.3968
vn 0.5136 0.7267 -0.4562
vn 0.5746 0.6356 -0.5156
vn 0.6269 0.5331 -0.5681
vn 0.6694 0.4227 -0.6109
vn 0.7000 0.3126 -0.6420
vn 0.7195 0.2102 -0.6619
vn 0.7307 0.1121 -0.6734
vn 0.5599 0.0138 -0.8285
vn 0.7353 0.0117 -0.6776
vn 0.3710 0.0156 -0.9285
vn 0.1839 0.0167 -0.9828
vn -0.0000 0.0171 -0.9999
vn -0.1839 0.0167 -0.9828
vn -0.3710 0.0156 -0.9285
vn 0.8629 0.1045 -0.4945
vn 0.8509 0.1983 -0.4865
vn 0.9309 0.1869 -0.3140
vn 0.9427 0.0974 -0.3191
vn 0.8295 0.2974 -0.4727
vn 0.9094 0.2824 -0.3053
vn 0.7947 0.4058 -0.4514
vn 0.8738 0.3885 -0.2925
vn 0.7444 0.5175 -0.4219
vn 0.8195 0.5028 -0.2749
vn 0.6787 0.6254 -0.3849
vn 0.7440 0.6189 -0.2520
vn 0.5969 0.7260 -0.3415
vn 0.6411 0.7331 -0.2269
vn 0.9722 0.1772 -0.1529
vn 0.9835 0.0918 -0.1558
vn 0.9515 0.2696 -0.1483
vn 0.9167 0.3735 -0.1417
vn 0.8619 0.4894 -0.1330
vn 0.7810 0.6124 -0.1222
vn 0.6697 0.7345 -0.1100
vn 0.9856 0.1694 0.0009
vn 0.9962 0.0875 -0.0001
vn 0.9658 0.2594 0.0025
vn 0.9323 0.3618 0.0046
vn 0.8781 0.4784 0.0070
vn 0.7966 0.6044 0.0102
vn 0.6830 0.7303 0.0141
vn 0.9743 0.1630 0.1552
vn 0.9842 0.0844 0.1556
vn 0.9556 0.2514 0.1540
vn 0.9230 0.3536 0.1520
vn 0.8702 0.4696 0.1489
vn 0.7906 0.5951 0.1443
vn 0.6786 0.7212 0.1392
vn 0.9351 0.1580 0.3173
vn 0.9441 0.0824 0.3192
vn 0.9175 0.2453 0.3132
vn 0.8861 0.3480 0.3062
vn 0.8358 0.4630 0.2952
vn 0.7617 0.5847 0.2794
vn 0.6580 0.7063 0.2611
vn 0.8570 0.1537 0.4919
vn 0.8650 0.0812 0.4952
vn 0.8411 0.2402 0.4846
vn 0.8122 0.3437 0.4713
vn 0.7669 0.4572 0.4504
vn 0.7034 0.5727 0.4211
vn 0.6194 0.6852 0.3832
vn 0.8675 0.0098 -0.4974
vn 0.4852 0.8183 -0.3082
vn 0.5121 0.8335 -0.2073
vn 0.5311 0.8414 -0.0994
vn 0.5403 0.8413 0.0172
vn 0.5383 0.8317 0.1359
vn 0.5253 0.8140 0.2478
vn 0.5038 0.7875 0.3549
vn 0.4748 0.7562 0.4502
vn 0.5398 0.6709 0.5085
vn 0.6021 0.5654 0.5637
vn 0.6527 0.4524 0.6077
vn 0.6900 0.3388 0.6396
vn 0.7138 0.2348 0.6599
vn 0.7268 0.1495 0.6704
vn 0.7334 0.0805 0.6750
vn 0.8684 0.0172 0.4956
vn 0.7365 0.0220 0.6761
vn 0.9476 0.0133 0.3192
vn 0.9878 0.0105 0.1553
vn 1.0000 0.0088 -0.0008
vn 0.9876 0.0082 -0.1570
vn 0.9471 0.0085 -0.3209
vn 0.5584 0.0797 0.8258
vn 0.5535 0.1452 0.8201
vn 0.3669 0.1415 0.9194
vn 0.3700 0.0789 0.9257
vn 0.5443 0.2284 0.8072
vn 0.3613 0.2226 0.9055
vn 0.5277 0.3321 0.7818
vn 0.3517 0.3253 0.8778
vn 0.5011 0.4485 0.7401
vn 0.3362 0.4457 0.8297
vn 0.4637 0.5678 0.6801
vn 0.3131 0.5745 0.7563
vn 0.4162 0.6836 0.5995
vn 0.2851 0.7036 0.6509
vn 0.1819 0.1391 0.9734
vn 0.1833 0.0784 0.9799
vn 0.1793 0.2186 0.9592
vn 0.1751 0.3201 0.9310
vn 0.1687 0.4429 0.8806
vn 0.1591 0.5792 0.7995
vn 0.1471 0.7156 0.6829
vn -0.0000 0.1383 0.9904
vn -0.0000 0.0782 0.9969
vn -0.0001 0.2172 0.9761
vn -0.0003 0.3182 0.9480
vn -0.0004 0.4415 0.8973
vn -0.0000 0.5807 0.8141
vn -0.0000 0.7199 0.6940
vn -0.1818 0.1392 0.9734
vn -0.1833 0.0784 0.9799
vn -0.1794 0.2188 0.9591
vn -0.1754 0.3204 0.9309
vn -0.1689 0.4428 0.8805
vn -0.1591 0.5791 0.7996
vn -0.1471 0.7157 0.6828
vn -0.3669 0.1416 0.9194
vn -0.3699 0.0790 0.9257
vn -0.3613 0.2228 0.9054
vn -0.3520 0.3252 0.8777
vn -0.3360 0.4454 0.8299
vn -0.3129 0.5746 0.7563
vn -0.2846 0.7037 0.6510
vn -0.5535 0.1453 0.8201
vn -0.5583 0.0798 0.8258
vn -0.5442 0.2286 0.8072
vn -0.5274 0.3323 0.7819
vn -0.5010 0.4485 0.7401
vn -0.4639 0.5677 0.6801
vn -0.4161 0.6837 0.5995
vn 0.5609 0.0265 0.8275
vn 0.3767 0.7879 0.4872
vn 0.2615 0.8150 0.5171
vn 0.1362 0.8323 0.5373
vn -0.0000 0.8386 0.5448
vn -0.1362 0.8323 0.5373
vn -0.2615 0.8150 0.5171
vn -0.3767 0.7879 0.4872
vn -0.5608 0.0267 0.8275
vn -0.3716 0.0301 0.9279
vn -0.1843 0.0318 0.9824
vn 0.0001 0.0328 0.9995
vn 0.1842 0.0321 0.9824
vn 0.3717 0.0300 0.9279
vn -0.1823 -0.9227 -0.3396
vn -0.1188 -0.9267 -0.3565
vn -0.1335 -0.9387 -0.3180
vn -0.2088 -0.9310 -0.2994
vn -0.0592 -0.9284 -0.3668
vn -0.0657 -0.9419 -0.3294
vn 0.0002 -0.9289 -0.3704
vn 0.0002 -0.9428 -0.3334
vn 0.0596 -0.9283 -0.3669
vn 0.0657 -0.9419 -0.3294
vn 0.1188 -0.9267 -0.3565
vn 0.1337 -0.9386 -0.3181
vn 0.1824 -0.9227 -0.3396
vn 0.2088 -0.9310 -0.2994
vn -0.1536 -0.9497 -0.2730
vn -0.2403 -0.9376 -0.2514
vn -0.0751 -0.9553 -0.2860
vn 0.0001 -0.9569 -0.2903
vn 0.0752 -0.9553 -0.2860
vn 0.1538 -0.9496 -0.2731
vn 0.2403 -0.9375 -0.2516
vn -0.1771 -0.9600 -0.2171
vn -0.2741 -0.9423 -0.1921
vn -0.0869 -0.9688 -0.2322
vn 0.0001 -0.9715 -0.2371
vn 0.0869 -0.9688 -0.2322
vn 0.1771 -0.9600 -0.2171
vn 0.2744 -0.9422 -0.1920
vn -0.2013 -0.9683 -0.1481
vn -0.3072 -0.9439 -0.1214
vn -0.0999 -0.9814 -0.1638
vn -0.0000 -0.9857 -0.1686
vn 0.1002 -0.9814 -0.1635
vn 0.2014 -0.9683 -0.1480
vn 0.3070 -0.9439 -0.1215
vn -0.2246 -0.9725 -0.0616
vn -0.3347 -0.9414 -0.0405
vn -0.1146 -0.9907 -0.0727
vn 0.0001 -0.9971 -0.0763
vn 0.1145 -0.9908 -0.0728
vn 0.2246 -0.9725 -0.0616
vn 0.3346 -0.9415 -0.0405
vn -0.2478 -0.9673 0.0540
vn -0.3540 -0.9335 0.0568
vn -0.1303 -0.9900 0.0532
vn 0.0002 -0.9986 0.0531
vn 0.1305 -0.9900 0.0531
vn 0.2478 -0.9673 0.0540
vn 0.3540 -0.9335 0.0568
vn -0.2315 -0.9041 -0.3593
vn -0.1726 -0.9094 -0.3784
vn -0.2600 -0.9101 -0.3228
vn -0.1141 -0.9126 -0.3926
vn -0.0572 -0.9139 -0.4018
vn -0.0000 -0.9143 -0.4050
vn 0.0572 -0.9139 -0.4018
vn 0.1141 -0.9126 -0.3926
vn 0.1726 -0.9094 -0.3784
vn 0.2315 -0.9041 -0.3593
vn 0.2600 -0.9101 -0.3228
vn 0.2973 -0.9136 -0.2774
vn 0.3389 -0.9140 -0.2231
vn 0.3806 -0.9112 -0.1578
vn 0.4175 -0.9049 -0.0833
vn 0.4461 -0.8950 -0.0034
vn 0.4633 -0.8823 0.0827
vn 0.4647 -0.8696 0.1671
vn 0.3864 -0.9023 0.1912
vn 0.2796 -0.9365 0.2115
vn 0.1502 -0.9622 0.2272
vn -0.0000 -0.9723 0.2337
vn -0.1502 -0.9622 0.2273
vn -0.2796 -0.9365 0.2115
vn -0.3864 -0.9023 0.1912
vn -0.4633 -0.8823 0.0827
vn -0.4646 -0.8696 0.1671
vn -0.4460 -0.8950 -0.0034
vn -0.4174 -0.9049 -0.0833
vn -0.3804 -0.9113 -0.1575
vn -0.3388 -0.9140 -0.2231
vn -0.2973 -0.9136 -0.2774
vn 0.3586 0.8813 -0.3077
vn 0.2417 0.9155 -0.3215
vn 0.2453 0.9482 -0.2019
vn 0.3742 0.9054 -0.2008
vn 0.1239 0.9359 -0.3299
vn 0.1228 0.9713 -0.2039
vn -0.0001 0.9430 -0.3329
vn 0.0001 0.9789 -0.2046
vn -0.1245 0.9357 -0.3301
vn -0.1230 0.9712 -0.2041
vn -0.2421 0.9154 -0.3215
vn -0.2452 0.9482 -0.2021
vn -0.3586 0.8811 -0.3081
vn -0.3742 0.9053 -0.2010
vn 0.2490 0.9643 -0.0899
vn 0.3847 0.9183 -0.0932
vn 0.1227 0.9885 -0.0883
vn 0.0002 0.9961 -0.0877
vn -0.1227 0.9885 -0.0885
vn -0.2488 0.9643 -0.0901
vn -0.3847 0.9183 -0.0932
vn 0.2511 0.9677 0.0224
vn 0.3904 0.9204 0.0204
vn 0.1229 0.9921 0.0237
vn 0.0001 0.9997 0.0242
vn -0.1230 0.9921 0.0235
vn -0.2510 0.9677 0.0226
vn -0.3903 0.9205 0.0202
vn 0.2522 0.9580 0.1363
vn 0.3899 0.9109 0.1353
vn 0.1242 0.9827 0.1372
vn -0.0001 0.9905 0.1372
vn -0.1243 0.9828 0.1369
vn -0.2519 0.9581 0.1361
vn -0.3897 0.9110 0.1351
vn 0.2515 0.9345 0.2518
vn 0.3838 0.8898 0.2467
vn 0.1262 0.9583 0.2563
vn -0.0000 0.9662 0.2577
vn -0.1259 0.9584 0.2562
vn -0.2514 0.9346 0.2518
vn -0.3839 0.8899 0.2462
vn 0.2520 0.8911 0.3775
vn 0.3724 0.8555 0.3598
vn 0.1293 0.9122 0.3887
vn 0.0001 0.9196 0.3929
vn -0.1290 0.9122 0.3890
vn -0.2521 0.8911 0.3774
vn -0.3721 0.8557 0.3596
vn -0.2471 0.8571 -0.4520
vn -0.5308 0.8416 -0.0996
vn -0.5254 0.8140 0.2479
vn 0.5588 -0.2910 0.7766
vn 0.5579 -0.2548 0.7898
vn 0.3774 -0.2168 0.9003
vn 0.3810 -0.2477 0.8908
vn 0.5586 -0.2134 0.8015
vn 0.3752 -0.1813 0.9090
vn 0.5600 -0.1679 0.8113
vn 0.3744 -0.1414 0.9164
vn 0.5613 -0.1198 0.8189
vn 0.3739 -0.0993 0.9221
vn 0.5621 -0.0706 0.8241
vn 0.3734 -0.0561 0.9260
vn 0.5620 -0.0218 0.8269
vn 0.3727 -0.0130 0.9279
vn 0.1891 -0.1925 0.9629
vn 0.1917 -0.2195 0.9566
vn 0.1876 -0.1604 0.9691
vn 0.1865 -0.1249 0.9745
vn 0.1856 -0.0869 0.9788
vn 0.1853 -0.0471 0.9815
vn 0.1848 -0.0077 0.9827
vn -0.0000 -0.1840 0.9829
vn 0.0001 -0.2093 0.9779
vn 0.0001 -0.1535 0.9881
vn -0.0000 -0.1193 0.9929
vn -0.0000 -0.0824 0.9966
vn 0.0001 -0.0441 0.9990
vn 0.0001 -0.0059 1.0000
vn -0.1891 -0.1925 0.9629
vn -0.1917 -0.2195 0.9566
vn -0.1872 -0.1604 0.9691
vn -0.1864 -0.1250 0.9745
vn -0.1857 -0.0868 0.9788
vn -0.1851 -0.0470 0.9816
vn -0.1846 -0.0076 0.9828
vn -0.3769 -0.2169 0.9005
vn -0.3806 -0.2482 0.8908
vn -0.3752 -0.1813 0.9090
vn -0.3742 -0.1415 0.9165
vn -0.3736 -0.0990 0.9223
vn -0.3732 -0.0559 0.9261
vn -0.3726 -0.0129 0.9279
vn -0.5579 -0.2548 0.7899
vn -0.5587 -0.2903 0.7769
vn -0.5585 -0.2130 0.8017
vn -0.5600 -0.1679 0.8113
vn -0.5612 -0.1195 0.8190
vn -0.5621 -0.0707 0.8240
vn -0.5619 -0.0216 0.8269
vn 0.7058 -0.3736 0.6020
vn 0.7093 -0.3388 0.6182
vn 0.5618 -0.3224 0.7618
vn 0.7143 -0.2987 0.6328
vn 0.7207 -0.2519 0.6458
vn 0.7271 -0.1999 0.6567
vn 0.7323 -0.1452 0.6653
vn 0.7357 -0.0890 0.6714
vn 0.7371 -0.0331 0.6750
vn -0.7371 -0.0331 0.6750
vn -0.7357 -0.0890 0.6714
vn -0.7323 -0.1452 0.6653
vn -0.7271 -0.1999 0.6568
vn -0.7209 -0.2514 0.6458
vn -0.7146 -0.2982 0.6328
vn -0.7093 -0.3388 0.6182
vn -0.5619 -0.3217 0.7621
vn -0.7057 -0.3736 0.6020
vn -0.3862 -0.2751 0.8804
vn -0.1958 -0.2428 0.9501
vn -0.0000 -0.2314 0.9729
vn 0.1958 -0.2428 0.9501
vn 0.3862 -0.2752 0.8804
vn 0.7449 -0.5244 -0.4126
vn 0.7675 -0.4780 -0.4272
vn 0.8477 -0.4530 -0.2760
vn 0.8255 -0.4976 -0.2664
vn 0.7918 -0.4202 -0.4434
vn 0.8718 -0.3971 -0.2867
vn 0.8158 -0.3507 -0.4599
vn 0.8957 -0.3305 -0.2973
vn 0.8373 -0.2707 -0.4750
vn 0.9171 -0.2543 -0.3069
vn 0.8542 -0.1818 -0.4871
vn 0.9338 -0.1705 -0.3146
vn 0.8646 -0.0870 -0.4949
vn 0.9441 -0.0817 -0.3194
vn 0.8922 -0.4315 -0.1332
vn 0.8703 -0.4757 -0.1277
vn 0.9158 -0.3767 -0.1391
vn 0.9389 -0.3121 -0.1449
vn 0.9593 -0.2391 -0.1500
vn 0.9751 -0.1596 -0.1539
vn 0.9848 -0.0762 -0.1563
vn 0.9112 -0.4120 0.0042
vn 0.8898 -0.4564 0.0055
vn 0.9338 -0.3578 0.0028
vn 0.9556 -0.2948 0.0014
vn 0.9746 -0.2237 -0.0001
vn 0.9889 -0.1486 -0.0006
vn 0.9975 -0.0701 -0.0009
vn 0.9090 -0.3915 0.1429
vn 0.8890 -0.4361 0.1396
vn 0.9296 -0.3383 0.1463
vn 0.9493 -0.2767 0.1490
vn 0.9661 -0.2089 0.1514
vn 0.9787 -0.1369 0.1532
vn 0.9860 -0.0631 0.1546
vn 0.8831 -0.3677 0.2914
vn 0.8658 -0.4125 0.2833
vn 0.9005 -0.3157 0.2992
vn 0.9172 -0.2557 0.3056
vn 0.9310 -0.1911 0.3111
vn 0.9409 -0.1235 0.3154
vn 0.9465 -0.0548 0.3180
vn 0.8234 -0.3375 0.4562
vn 0.8112 -0.3808 0.4437
vn 0.8362 -0.2868 0.4675
vn 0.8478 -0.2309 0.4774
vn 0.8577 -0.1703 0.4852
vn 0.8646 -0.1076 0.4908
vn 0.8682 -0.0448 0.4943
vn 0.5993 -0.5904 -0.5406
vn 0.6196 -0.5523 -0.5578
vn 0.7250 -0.5601 -0.4008
vn 0.6416 -0.5042 -0.5781
vn 0.6648 -0.4437 -0.6010
vn 0.6874 -0.3709 -0.6244
vn 0.7076 -0.2865 -0.6459
vn 0.7233 -0.1924 -0.6632
vn 0.7328 -0.0914 -0.6742
vn 0.7371 -0.0331 0.6749
vn 0.7272 -0.1999 0.6567
vn 0.7093 -0.3388 0.6181
vn 0.8007 -0.4170 0.4302
vn 0.7058 -0.3736 0.6019
vn 0.8504 -0.4488 0.2746
vn 0.8709 -0.4723 0.1360
vn 0.8708 -0.4916 0.0063
vn 0.8511 -0.5104 -0.1230
vn 0.8061 -0.5326 -0.2581
vn -0.4629 -0.5755 -0.6742
vn -0.4825 -0.5247 -0.7013
vn -0.3168 -0.5375 -0.7815
vn -0.3025 -0.5899 -0.7487
vn -0.5020 -0.4620 -0.7311
vn -0.3309 -0.4726 -0.8168
vn -0.5212 -0.3859 -0.7612
vn -0.3445 -0.3944 -0.8519
vn -0.5378 -0.2980 -0.7887
vn -0.3561 -0.3040 -0.8836
vn -0.5505 -0.1997 -0.8106
vn -0.3649 -0.2031 -0.9086
vn -0.5581 -0.0941 -0.8244
vn -0.3700 -0.0949 -0.9242
vn -0.1562 -0.5441 -0.8244
vn -0.1485 -0.5978 -0.7878
vn -0.1637 -0.4777 -0.8632
vn -0.1706 -0.3983 -0.9012
vn -0.1765 -0.3066 -0.9353
vn -0.1809 -0.2044 -0.9620
vn -0.1835 -0.0949 -0.9784
vn -0.0000 -0.5461 -0.8377
vn 0.0001 -0.6003 -0.7998
vn -0.0000 -0.4793 -0.8777
vn -0.0001 -0.3995 -0.9167
vn -0.0001 -0.3073 -0.9516
vn -0.0001 -0.2046 -0.9788
vn -0.0001 -0.0948 -0.9955
vn 0.1562 -0.5442 -0.8243
vn 0.1487 -0.5979 -0.7876
vn 0.1636 -0.4778 -0.8631
vn 0.1704 -0.3984 -0.9012
vn 0.1763 -0.3066 -0.9354
vn 0.1807 -0.2043 -0.9621
vn 0.1833 -0.0948 -0.9785
vn 0.3167 -0.5377 -0.7814
vn 0.3024 -0.5901 -0.7485
vn 0.3309 -0.4726 -0.8168
vn 0.3443 -0.3945 -0.8519
vn 0.3561 -0.3046 -0.8834
vn 0.3647 -0.2031 -0.9087
vn 0.3699 -0.0948 -0.9242
vn 0.4822 -0.5250 -0.7014
vn 0.4628 -0.5755 -0.6743
vn 0.5020 -0.4619 -0.7312
vn 0.5210 -0.3860 -0.7613
vn 0.5376 -0.2980 -0.7888
vn 0.5504 -0.1996 -0.8107
vn 0.5581 -0.0940 -0.8245
vn -0.5993 -0.5904 -0.5406
vn -0.6195 -0.5526 -0.5575
vn -0.4442 -0.6154 -0.6511
vn -0.6417 -0.5043 -0.5779
vn -0.6650 -0.4435 -0.6008
vn -0.6876 -0.3709 -0.6243
vn -0.7075 -0.2867 -0.6459
vn -0.7233 -0.1925 -0.6632
vn -0.7329 -0.0915 -0.6742
vn 0.4442 -0.6154 -0.6511
vn 0.2882 -0.6317 -0.7196
vn 0.1410 -0.6406 -0.7548
vn -0.0000 -0.6435 -0.7655
vn -0.1410 -0.6406 -0.7548
vn -0.2882 -0.6317 -0.7196
vn -0.8113 -0.3806 0.4437
vn -0.8235 -0.3375 0.4560
vn -0.8831 -0.3678 0.2914
vn -0.8660 -0.4122 0.2832
vn -0.8362 -0.2873 0.4671
vn -0.9007 -0.3155 0.2988
vn -0.8481 -0.2308 0.4770
vn -0.9172 -0.2557 0.3056
vn -0.8578 -0.1703 0.4849
vn -0.9310 -0.1914 0.3109
vn -0.8647 -0.1076 0.4906
vn -0.9410 -0.1233 0.3153
vn -0.8682 -0.0447 0.4942
vn -0.9465 -0.0548 0.3179
vn -0.9089 -0.3917 0.1428
vn -0.8890 -0.4361 0.1396
vn -0.9296 -0.3385 0.1457
vn -0.9493 -0.2769 0.1486
vn -0.9662 -0.2090 0.1510
vn -0.9787 -0.1367 0.1531
vn -0.9860 -0.0632 0.1544
vn -0.9113 -0.4117 0.0040
vn -0.8897 -0.4565 0.0051
vn -0.9339 -0.3575 0.0026
vn -0.9555 -0.2949 0.0011
vn -0.9745 -0.2245 -0.0000
vn -0.9889 -0.1488 -0.0008
vn -0.9975 -0.0702 -0.0011
vn -0.8922 -0.4316 -0.1334
vn -0.8703 -0.4757 -0.1278
vn -0.9157 -0.3769 -0.1393
vn -0.9388 -0.3123 -0.1451
vn -0.9593 -0.2393 -0.1502
vn -0.9751 -0.1597 -0.1541
vn -0.9848 -0.0759 -0.1561
vn -0.8477 -0.4530 -0.2760
vn -0.8254 -0.4977 -0.2664
vn -0.8718 -0.3972 -0.2867
vn -0.8957 -0.3307 -0.2974
vn -0.9170 -0.2545 -0.3071
vn -0.9337 -0.1707 -0.3147
vn -0.9440 -0.0819 -0.3195
vn -0.7677 -0.4778 -0.4270
vn -0.7449 -0.5242 -0.4127
vn -0.7919 -0.4201 -0.4432
vn -0.8158 -0.3508 -0.4598
vn -0.8373 -0.2708 -0.4750
vn -0.8543 -0.1817 -0.4870
vn -0.8645 -0.0871 -0.4950
vn -0.7058 -0.3736 0.6019
vn -0.8007 -0.4171 0.4301
vn -0.7272 -0.1999 0.6567
vn -0.7372 -0.0331 0.6749
vn -0.7076 -0.2867 -0.6459
vn -0.7252 -0.5599 -0.4008
vn -0.8061 -0.5325 -0.2580
vn -0.8511 -0.5105 -0.1229
vn -0.8708 -0.4915 0.0063
vn -0.8709 -0.4723 0.1360
vn -0.8504 -0.4488 0.2746
vn -0.5601 -0.8158 0.1442
vn -0.6335 -0.7436 0.2141
vn -0.6372 -0.7634 0.1063
vn -0.5503 -0.8335 0.0494
vn -0.6891 -0.6700 0.2761
vn -0.7040 -0.6926 0.1572
vn -0.7294 -0.6011 0.3265
vn -0.7534 -0.6269 0.1983
vn -0.7575 -0.5413 0.3649
vn -0.7892 -0.5701 0.2284
vn -0.7766 -0.4922 0.3932
vn -0.8151 -0.5228 0.2496
vn -0.7901 -0.4519 0.4142
vn -0.8346 -0.4834 0.2641
vn -0.6202 -0.7844 0.0107
vn -0.5258 -0.8498 -0.0370
vn -0.6965 -0.7156 0.0526
vn -0.7547 -0.6505 0.0849
vn -0.7972 -0.5940 0.1076
vn -0.8286 -0.5462 0.1225
vn -0.8522 -0.5066 0.1311
vn -0.5892 -0.8041 -0.0795
vn -0.4891 -0.8642 -0.1184
vn -0.6729 -0.7383 -0.0462
vn -0.7387 -0.6737 -0.0214
vn -0.7883 -0.6152 -0.0053
vn -0.8243 -0.5661 0.0031
vn -0.8506 -0.5258 0.0061
vn -0.5448 -0.8221 -0.1652
vn -0.4442 -0.8750 -0.1927
vn -0.6330 -0.7608 -0.1433
vn -0.7051 -0.6975 -0.1276
vn -0.7609 -0.6378 -0.1193
vn -0.8016 -0.5863 -0.1171
vn -0.8305 -0.5442 -0.1188
vn -0.4892 -0.8365 -0.2468
vn -0.3947 -0.8816 -0.2588
vn -0.5745 -0.7826 -0.2397
vn -0.6492 -0.7228 -0.2369
vn -0.7096 -0.6630 -0.2386
vn -0.7541 -0.6099 -0.2438
vn -0.7847 -0.5669 -0.2507
vn -0.4179 -0.8477 -0.3266
vn -0.3423 -0.8835 -0.3198
vn -0.4926 -0.8027 -0.3361
vn -0.5638 -0.7488 -0.3484
vn -0.6247 -0.6915 -0.3628
vn -0.6707 -0.6388 -0.3769
vn -0.7028 -0.5952 -0.3896
vn -0.4647 -0.8696 0.1671
vn -0.5312 -0.8093 0.2508
vn -0.5922 -0.7321 0.3366
vn -0.6378 -0.6502 0.4128
vn -0.6684 -0.5726 0.4748
vn -0.6872 -0.5052 0.5220
vn -0.6975 -0.4512 0.5568
vn -0.7027 -0.4085 0.5825
vn -0.5767 -0.6265 -0.5243
vn -0.5450 -0.6698 -0.5043
vn -0.5015 -0.7201 -0.4796
vn -0.4469 -0.7724 -0.4513
vn -0.3863 -0.8195 -0.4233
vn -0.3269 -0.8569 -0.3986
vn -0.2729 -0.8850 -0.3773
vn -0.2315 -0.9040 -0.3593
vn -0.1930 -0.8898 -0.4136
vn -0.2294 -0.8642 -0.4477
vn -0.1439 -0.8693 -0.4729
vn -0.1234 -0.8940 -0.4308
vn -0.2721 -0.8310 -0.4852
vn -0.1701 -0.8379 -0.5187
vn -0.3173 -0.7892 -0.5258
vn -0.1992 -0.7994 -0.5669
vn -0.3597 -0.7421 -0.5656
vn -0.2270 -0.7562 -0.6138
vn -0.3954 -0.6951 -0.6004
vn -0.2518 -0.7120 -0.6554
vn -0.4235 -0.6525 -0.6284
vn -0.2719 -0.6704 -0.6904
vn -0.0698 -0.8719 -0.4847
vn -0.0609 -0.8959 -0.4401
vn -0.0819 -0.8414 -0.5342
vn -0.0955 -0.8048 -0.5859
vn -0.1091 -0.7639 -0.6360
vn -0.1217 -0.7214 -0.6818
vn -0.1319 -0.6803 -0.7209
vn 0.0002 -0.8728 -0.4880
vn -0.0000 -0.8964 -0.4432
vn 0.0004 -0.8428 -0.5383
vn -0.0000 -0.8064 -0.5914
vn -0.0000 -0.7662 -0.6426
vn -0.0000 -0.7243 -0.6895
vn -0.0000 -0.6830 -0.7304
vn 0.0697 -0.8718 -0.4848
vn 0.0607 -0.8958 -0.4403
vn 0.0819 -0.8414 -0.5342
vn 0.0956 -0.8047 -0.5859
vn 0.1093 -0.7639 -0.6360
vn 0.1219 -0.7215 -0.6816
vn 0.1326 -0.6804 -0.7207
vn 0.1439 -0.8694 -0.4727
vn 0.1234 -0.8940 -0.4308
vn 0.1703 -0.8381 -0.5182
vn 0.1992 -0.7994 -0.5668
vn 0.2272 -0.7561 -0.6138
vn 0.2520 -0.7120 -0.6554
vn 0.2722 -0.6706 -0.6901
vn 0.2292 -0.8643 -0.4476
vn 0.1929 -0.8898 -0.4137
vn 0.2718 -0.8312 -0.4850
vn 0.3173 -0.7892 -0.5258
vn 0.3595 -0.7423 -0.5655
vn 0.3952 -0.6954 -0.6002
vn 0.4231 -0.6529 -0.6283
vn 0.5766 -0.6267 -0.5242
vn 0.5449 -0.6700 -0.5042
vn 0.5015 -0.7201 -0.4796
vn 0.4464 -0.7726 -0.4514
vn 0.3862 -0.8195 -0.4233
vn 0.3263 -0.8570 -0.3989
vn 0.2729 -0.8850 -0.3773
vn 0.3423 -0.8835 -0.3198
vn 0.4176 -0.8479 -0.3266
vn 0.4891 -0.8366 -0.2468
vn 0.3947 -0.8816 -0.2588
vn 0.4922 -0.8030 -0.3361
vn 0.5745 -0.7826 -0.2396
vn 0.5638 -0.7488 -0.3484
vn 0.6494 -0.7226 -0.2369
vn 0.6245 -0.6914 -0.3631
vn 0.7095 -0.6630 -0.2388
vn 0.6706 -0.6390 -0.3768
vn 0.7541 -0.6099 -0.2439
vn 0.7028 -0.5951 -0.3897
vn 0.7848 -0.5667 -0.2508
vn 0.5449 -0.8221 -0.1651
vn 0.4442 -0.8750 -0.1927
vn 0.6327 -0.7611 -0.1430
vn 0.7051 -0.6975 -0.1276
vn 0.7610 -0.6376 -0.1193
vn 0.8014 -0.5865 -0.1170
vn 0.8303 -0.5446 -0.1189
vn 0.5888 -0.8044 -0.0793
vn 0.4888 -0.8643 -0.1183
vn 0.6724 -0.7387 -0.0464
vn 0.7387 -0.6737 -0.0214
vn 0.7880 -0.6157 -0.0053
vn 0.8243 -0.5662 0.0031
vn 0.8507 -0.5256 0.0062
vn 0.6200 -0.7846 0.0104
vn 0.5255 -0.8500 -0.0370
vn 0.6965 -0.7156 0.0526
vn 0.7546 -0.6506 0.0852
vn 0.7972 -0.5940 0.1080
vn 0.8286 -0.5463 0.1225
vn 0.8521 -0.5067 0.1312
vn 0.6371 -0.7634 0.1064
vn 0.5503 -0.8335 0.0494
vn 0.7038 -0.6928 0.1573
vn 0.7535 -0.6269 0.1983
vn 0.7892 -0.5701 0.2284
vn 0.8151 -0.5228 0.2495
vn 0.8346 -0.4834 0.2641
vn 0.6334 -0.7436 0.2143
vn 0.5601 -0.8158 0.1442
vn 0.6891 -0.6700 0.2761
vn 0.7292 -0.6013 0.3265
vn 0.7575 -0.5414 0.3649
vn 0.7765 -0.4923 0.3933
vn 0.7901 -0.4519 0.4142
vn 0.8060 -0.5326 -0.2581
vn 0.8510 -0.5105 -0.1230
vn 0.7027 -0.4085 0.5825
vn 0.6974 -0.4513 0.5568
vn 0.6872 -0.5052 0.5220
vn 0.6684 -0.5726 0.4747
vn 0.6378 -0.6502 0.4128
vn 0.5922 -0.7321 0.3366
vn 0.5312 -0.8093 0.2508
vn 0.4441 -0.8310 0.3350
vn 0.4999 -0.7363 0.4560
vn 0.3636 -0.7507 0.5516
vn 0.3227 -0.8618 0.3914
vn 0.5376 -0.6362 0.5534
vn 0.3904 -0.6285 0.6727
vn 0.5588 -0.5425 0.6273
vn 0.4026 -0.5157 0.7563
vn 0.5677 -0.4633 0.6805
vn 0.4044 -0.4233 0.8107
vn 0.5691 -0.4019 0.7173
vn 0.4000 -0.3550 0.8450
vn 0.5657 -0.3563 0.7437
vn 0.3933 -0.3071 0.8666
vn 0.1939 -0.7642 0.6151
vn 0.1736 -0.8858 0.4304
vn 0.2066 -0.6251 0.7527
vn 0.2111 -0.4971 0.8416
vn 0.2100 -0.3952 0.8943
vn 0.2060 -0.3216 0.9242
vn 0.2008 -0.2728 0.9409
vn -0.0000 -0.7699 0.6382
vn 0.0002 -0.8954 0.4452
vn -0.0000 -0.6244 0.7811
vn -0.0000 -0.4904 0.8715
vn -0.0000 -0.3849 0.9229
vn -0.0000 -0.3097 0.9508
vn -0.0000 -0.2606 0.9654
vn -0.1937 -0.7640 0.6155
vn -0.1733 -0.8859 0.4304
vn -0.2064 -0.6250 0.7528
vn -0.2111 -0.4971 0.8416
vn -0.2100 -0.3951 0.8943
vn -0.2059 -0.3217 0.9242
vn -0.2008 -0.2728 0.9409
vn -0.3636 -0.7507 0.5516
vn -0.3227 -0.8618 0.3914
vn -0.3904 -0.6285 0.6727
vn -0.4025 -0.5155 0.7564
vn -0.4043 -0.4235 0.8107
vn -0.4000 -0.3549 0.8450
vn -0.3933 -0.3070 0.8666
vn -0.4999 -0.7364 0.4559
vn -0.4441 -0.8310 0.3350
vn -0.5376 -0.6362 0.5534
vn -0.5587 -0.5426 0.6273
vn -0.5676 -0.4633 0.6805
vn -0.5688 -0.4020 0.7176
vn -0.5659 -0.3563 0.7435
vn -0.6974 -0.4512 0.5568
vn 0.1502 -0.9622 0.2273
vt 0.517976 0.031250
vt 0.532488 0.031250
vt 0.533586 0.062500
vt 0.519801 0.062500
vt 0.547523 0.031250
vt 0.548122 0.062500
vt 0.562822 0.031250
vt 0.563124 0.062500
vt 0.578261 0.031250
vt 0.578388 0.062500
vt 0.593790 0.031250
vt 0.593828 0.062500
vt 0.609380 0.031250
vt 0.609385 0.062500
vt 0.534432 0.093750
vt 0.521033 0.093750
vt 0.548628 0.093750
vt 0.563385 0.093750
vt 0.578498 0.093750
vt 0.593861 0.093750
vt 0.609389 0.093750
vt 0.535021 0.125000
vt 0.521807 0.125000
vt 0.549008 0.125000
vt 0.563585 0.125000
vt 0.578583 0.125000
vt 0.593886 0.125000
vt 0.609392 0.125000
vt 0.535381 0.156250
vt 0.522267 0.156250
vt 0.549245 0.156250
vt 0.563711 0.156250
vt 0.578636 0.156250
vt 0.593901 0.156250
vt 0.609394 0.156250
vt 0.535567 0.187500
vt 0.522504 0.187500
vt 0.549367 0.187500
vt 0.563775 0.187500
vt 0.578663 0.187500
vt 0.593909 0.187500
vt 0.609395 0.187500
vt 0.535635 0.218750
vt 0.522591 0.218750
vt 0.549412 0.218750
vt 0.563799 0.218750
vt 0.578673 0.218750
vt 0.593912 0.218750
vt 0.609395 0.218750
vt 0.500000 0.000000
vt 0.515625 0.000000
vt 0.504924 0.031250
vt 0.531250 0.000000
vt 0.546875 0.000000
vt 0.562500 0.000000
vt 0.578125 0.000000
vt 0.593750 0.000000
vt 0.609375 0.000000
vt 0.625000 0.000000
vt 0.625000 0.031250
vt 0.625000 0.062500
vt 0.625000 0.093750
vt 0.625000 0.125000
vt 0.625000 0.156250
vt 0.625000 0.187500
vt 0.625000 0.218750
vt 0.625000 0.250000
vt 0.609395 0.250000
vt 0.593913 0.250000
vt 0.578674 0.250000
vt 0.563802 0.250000
vt 0.549418 0.250000
vt 0.535645 0.250000
vt 0.522603 0.250000
vt 0.510403 0.218750
vt 0.510417 0.250000
vt 0.510308 0.187500
vt 0.510050 0.156250
vt 0.509549 0.125000
vt 0.508694 0.093750
vt 0.507270 0.062500
vt 0.522603 0.281250
vt 0.535645 0.281250
vt 0.535645 0.312500
vt 0.522603 0.312500
vt 0.549418 0.281250
vt 0.549418 0.312500
vt 0.563802 0.281250
vt 0.563802 0.312500
vt 0.578674 0.281250
vt 0.578674 0.312500
vt 0.593913 0.281250
vt 0.593913 0.312500
vt 0.609395 0.281250
vt 0.609395 0.312500
vt 0.535645 0.343750
vt 0.522603 0.343750
vt 0.549418 0.343750
vt 0.563802 0.343750
vt 0.578674 0.343750
vt 0.593913 0.343750
vt 0.609395 0.343750
vt 0.535645 0.375000
vt 0.522603 0.375000
vt 0.549418 0.375000
vt 0.563802 0.375000
vt 0.578674 0.375000
vt 0.593913 0.375000
vt 0.609395 0.375000
vt 0.535645 0.406250
vt 0.522603 0.406250
vt 0.549421 0.406250
vt 0.563809 0.406250
vt 0.578687 0.406250
vt 0.593927 0.406250
vt 0.609405 0.406250
vt 0.535651 0.437500
vt 0.522604 0.437500
vt 0.549441 0.437500
vt 0.563856 0.437500
vt 0.578772 0.437500
vt 0.594028 0.437500
vt 0.609471 0.437500
vt 0.535667 0.468750
vt 0.522606 0.468750
vt 0.549495 0.468750
vt 0.563985 0.468750
vt 0.579009 0.468750
vt 0.594349 0.468750
vt 0.609751 0.468750
vt 0.510417 0.281250
vt 0.625000 0.281250
vt 0.625000 0.312500
vt 0.625000 0.343750
vt 0.625000 0.375000
vt 0.625000 0.406250
vt 0.625000 0.437500
vt 0.625000 0.468750
vt 0.625000 0.500000
vt 0.611072 0.500000
vt 0.595215 0.500000
vt 0.579502 0.500000
vt 0.564236 0.500000
vt 0.549601 0.500000
vt 0.535699 0.500000
vt 0.522610 0.500000
vt 0.510417 0.468750
vt 0.510417 0.500000
vt 0.510417 0.437500
vt 0.510417 0.406250
vt 0.510417 0.375000
vt 0.510417 0.343750
vt 0.510417 0.312500
vt 0.522616 0.531250
vt 0.535747 0.531250
vt 0.535801 0.562500
vt 0.522623 0.562500
vt 0.549764 0.531250
vt 0.549945 0.562500
vt 0.564623 0.531250
vt 0.565050 0.562500
vt 0.580293 0.531250
vt 0.581164 0.562500
vt 0.596806 0.531250
vt 0.598545 0.562500
vt 0.614435 0.531250
vt 0.617627 0.562500
vt 0.535844 0.593750
vt 0.522628 0.593750
vt 0.550090 0.593750
vt 0.565396 0.593750
vt 0.581846 0.593750
vt 0.599765 0.593750
vt 0.619549 0.593750
vt 0.535862 0.625000
vt 0.522631 0.625000
vt 0.550151 0.625000
vt 0.565538 0.625000
vt 0.582119 0.625000
vt 0.600206 0.625000
vt 0.620165 0.625000
vt 0.535844 0.656250
vt 0.522628 0.656250
vt 0.550090 0.656250
vt 0.565396 0.656250
vt 0.581846 0.656250
vt 0.599765 0.656250
vt 0.619549 0.656250
vt 0.535801 0.687500
vt 0.522623 0.687500
vt 0.549945 0.687500
vt 0.565050 0.687500
vt 0.581164 0.687500
vt 0.598545 0.687500
vt 0.617628 0.687500
vt 0.535747 0.718750
vt 0.522616 0.718750
vt 0.549764 0.718750
vt 0.564623 0.718750
vt 0.580293 0.718750
vt 0.596806 0.718750
vt 0.614435 0.718750
vt 0.510417 0.531250
vt 0.634918 0.531250
vt 0.639350 0.562500
vt 0.641659 0.593750
vt 0.642361 0.625000
vt 0.641659 0.656250
vt 0.639350 0.687500
vt 0.634918 0.718750
vt 0.625000 0.750000
vt 0.611072 0.750000
vt 0.595215 0.750000
vt 0.579502 0.750000
vt 0.564236 0.750000
vt 0.549601 0.750000
vt 0.535699 0.750000
vt 0.522610 0.750000
vt 0.510417 0.718750
vt 0.510417 0.750000
vt 0.510417 0.687500
vt 0.510417 0.656250
vt 0.510417 0.625000
vt 0.510417 0.593750
vt 0.510417 0.562500
vt 0.522594 0.781250
vt 0.535658 0.781250
vt 0.535573 0.812500
vt 0.522505 0.812500
vt 0.549489 0.781250
vt 0.549390 0.812500
vt 0.563982 0.781250
vt 0.563829 0.812500
vt 0.579008 0.781250
vt 0.578760 0.812500
vt 0.594349 0.781250
vt 0.594025 0.812500
vt 0.609751 0.781250
vt 0.609470 0.812500
vt 0.535382 0.843750
vt 0.522267 0.843750
vt 0.549248 0.843750
vt 0.563717 0.843750
vt 0.578648 0.843750
vt 0.593916 0.843750
vt 0.609403 0.843750
vt 0.535021 0.875000
vt 0.521807 0.875000
vt 0.549008 0.875000
vt 0.563585 0.875000
vt 0.578583 0.875000
vt 0.593886 0.875000
vt 0.609392 0.875000
vt 0.534432 0.906250
vt 0.521033 0.906250
vt 0.548628 0.906250
vt 0.563385 0.906250
vt 0.578498 0.906250
vt 0.593861 0.906250
vt 0.609389 0.906250
vt 0.533586 0.937500
vt 0.519801 0.937500
vt 0.548122 0.937500
vt 0.563124 0.937500
vt 0.578388 0.937500
vt 0.593828 0.937500
vt 0.609385 0.937500
vt 0.532488 0.968750
vt 0.517976 0.968750
vt 0.547523 0.968750
vt 0.562822 0.968750
vt 0.578261 0.968750
vt 0.593790 0.968750
vt 0.609380 0.968750
vt 0.510403 0.781250
vt 0.625000 0.781250
vt 0.625000 0.812500
vt 0.625000 0.843750
vt 0.625000 0.875000
vt 0.625000 0.906250
vt 0.625000 0.937500
vt 0.625000 0.968750
vt 0.625000 1.000000
vt 0.609375 1.000000
vt 0.593750 1.000000
vt 0.578125 1.000000
vt 0.562500 1.000000
vt 0.546875 1.000000
vt 0.531250 1.000000
vt 0.515625 1.000000
vt 0.504924 0.968750
vt 0.500000 1.000000
vt 0.507270 0.937500
vt 0.508694 0.906250
vt 0.509549 0.875000
vt 0.510050 0.843750
vt 0.510308 0.812500
vt 0.156235 0.531250
vt 0.187380 0.531250
vt 0.187276 0.562500
vt 0.156222 0.562500
vt 0.218347 0.531250
vt 0.217995 0.562500
vt 0.249044 0.531250
vt 0.248210 0.562500
vt 0.279325 0.531250
vt 0.277662 0.562500
vt 0.308815 0.531250
vt 0.305725 0.562500
vt 0.336724 0.531250
vt 0.331515 0.562500
vt 0.187202 0.593750
vt 0.156213 0.593750
vt 0.217746 0.593750
vt 0.247620 0.593750
vt 0.276511 0.593750
vt 0.303744 0.593750
vt 0.328534 0.593750
vt 0.187174 0.625000
vt 0.156209 0.625000
vt 0.217651 0.625000
vt 0.247396 0.625000
vt 0.276082 0.625000
vt 0.303060 0.625000
vt 0.327596 0.625000
vt 0.187202 0.656250
vt 0.156213 0.656250
vt 0.217746 0.656250
vt 0.247620 0.656250
vt 0.276511 0.656250
vt 0.303744 0.656250
vt 0.328534 0.656250
vt 0.187276 0.687500
vt 0.156222 0.687500
vt 0.217995 0.687500
vt 0.248210 0.687500
vt 0.277662 0.687500
vt 0.305725 0.687500
vt 0.331515 0.687500
vt 0.187380 0.718750
vt 0.156235 0.718750
vt 0.218347 0.718750
vt 0.249044 0.718750
vt 0.279325 0.718750
vt 0.308815 0.718750
vt 0.336724 0.718750
vt 0.125000 0.500000
vt 0.156250 0.500000
vt 0.125000 0.531250
vt 0.187500 0.500000
vt 0.218750 0.500000
vt 0.250000 0.500000
vt 0.281250 0.500000
vt 0.312500 0.500000
vt 0.343750 0.500000
vt 0.375000 0.500000
vt 0.360123 0.531250
vt 0.353475 0.562500
vt 0.350011 0.593750
vt 0.348958 0.625000
vt 0.350011 0.656250
vt 0.353475 0.687500
vt 0.360123 0.718750
vt 0.375000 0.750000
vt 0.343750 0.750000
vt 0.312500 0.750000
vt 0.281250 0.750000
vt 0.250000 0.750000
vt 0.218750 0.750000
vt 0.187500 0.750000
vt 0.156250 0.750000
vt 0.125000 0.718750
vt 0.125000 0.750000
vt 0.125000 0.687500
vt 0.125000 0.656250
vt 0.125000 0.625000
vt 0.125000 0.593750
vt 0.125000 0.562500
vt 0.660934 0.531250
vt 0.689957 0.531250
vt 0.692017 0.562500
vt 0.664407 0.562500
vt 0.720033 0.531250
vt 0.721142 0.562500
vt 0.750638 0.531250
vt 0.751194 0.562500
vt 0.781519 0.531250
vt 0.781754 0.562500
vt 0.812580 0.531250
vt 0.812649 0.562500
vt 0.843760 0.531250
vt 0.843769 0.562500
vt 0.693337 0.593750
vt 0.666394 0.593750
vt 0.721910 0.593750
vt 0.751587 0.593750
vt 0.781920 0.593750
vt 0.812698 0.593750
vt 0.843775 0.593750
vt 0.693793 0.625000
vt 0.667019 0.625000
vt 0.722195 0.625000
vt 0.751736 0.625000
vt 0.781982 0.625000
vt 0.812717 0.625000
vt 0.843777 0.625000
vt 0.693337 0.656250
vt 0.666394 0.656250
vt 0.721910 0.656250
vt 0.751587 0.656250
vt 0.781920 0.656250
vt 0.812698 0.656250
vt 0.843775 0.656250
vt 0.692017 0.687500
vt 0.664407 0.687500
vt 0.721142 0.687500
vt 0.751194 0.687500
vt 0.781754 0.687500
vt 0.812649 0.687500
vt 0.843769 0.687500
vt 0.689957 0.718750
vt 0.660934 0.718750
vt 0.720033 0.718750
vt 0.750638 0.718750
vt 0.781519 0.718750
vt 0.812580 0.718750
vt 0.843760 0.718750
vt 0.656250 0.500000
vt 0.687500 0.500000
vt 0.718750 0.500000
vt 0.750000 0.500000
vt 0.781250 0.500000
vt 0.812500 0.500000
vt 0.843750 0.500000
vt 0.875000 0.500000
vt 0.875000 0.531250
vt 0.875000 0.562500
vt 0.875000 0.593750
vt 0.875000 0.625000
vt 0.875000 0.656250
vt 0.875000 0.687500
vt 0.875000 0.718750
vt 0.875000 0.750000
vt 0.843750 0.750000
vt 0.812500 0.750000
vt 0.781250 0.750000
vt 0.750000 0.750000
vt 0.718750 0.750000
vt 0.687500 0.750000
vt 0.656250 0.750000
vt 0.445333 0.781250
vt 0.453287 0.781250
vt 0.453284 0.812500
vt 0.445332 0.812500
vt 0.461485 0.781250
vt 0.461475 0.812500
vt 0.470049 0.781250
vt 0.470025 0.812500
vt 0.479099 0.781250
vt 0.479054 0.812500
vt 0.488760 0.781250
vt 0.488692 0.812500
vt 0.499153 0.781250
vt 0.499066 0.812500
vt 0.453276 0.843750
vt 0.445331 0.843750
vt 0.461448 0.843750
vt 0.469961 0.843750
vt 0.478933 0.843750
vt 0.488506 0.843750
vt 0.498830 0.843750
vt 0.453261 0.875000
vt 0.445330 0.875000
vt 0.461395 0.875000
vt 0.469835 0.875000
vt 0.478695 0.875000
vt 0.488146 0.875000
vt 0.498369 0.875000
vt 0.453236 0.906250
vt 0.445326 0.906250
vt 0.461311 0.906250
vt 0.469635 0.906250
vt 0.478315 0.906250
vt 0.487557 0.906250
vt 0.497595 0.906250
vt 0.453203 0.937500
vt 0.445322 0.937500
vt 0.461201 0.937500
vt 0.469374 0.937500
vt 0.477810 0.937500
vt 0.486711 0.937500
vt 0.496364 0.937500
vt 0.453165 0.968750
vt 0.445318 0.968750
vt 0.461073 0.968750
vt 0.469072 0.968750
vt 0.477211 0.968750
vt 0.485613 0.968750
vt 0.494538 0.968750
vt 0.437500 0.750000
vt 0.445333 0.750000
vt 0.437500 0.781250
vt 0.453288 0.750000
vt 0.461487 0.750000
vt 0.470052 0.750000
vt 0.479106 0.750000
vt 0.488770 0.750000
vt 0.499166 0.750000
vt 0.492188 1.000000
vt 0.484375 1.000000
vt 0.476563 1.000000
vt 0.468750 1.000000
vt 0.460938 1.000000
vt 0.453125 1.000000
vt 0.445313 1.000000
vt 0.437500 0.968750
vt 0.437500 1.000000
vt 0.437500 0.937500
vt 0.437500 0.906250
vt 0.437500 0.875000
vt 0.437500 0.843750
vt 0.437500 0.812500
vt 0.445333 0.531250
vt 0.453288 0.531250
vt 0.453288 0.562500
vt 0.445333 0.562500
vt 0.461487 0.531250
vt 0.461487 0.562500
vt 0.470052 0.531250
vt 0.470052 0.562500
vt 0.479106 0.531250
vt 0.479106 0.562500
vt 0.488770 0.531250
vt 0.488770 0.562500
vt 0.499166 0.531250
vt 0.499166 0.562500
vt 0.453288 0.593750
vt 0.445333 0.593750
vt 0.461487 0.593750
vt 0.470052 0.593750
vt 0.479106 0.593750
vt 0.488770 0.593750
vt 0.499166 0.593750
vt 0.453288 0.625000
vt 0.445333 0.625000
vt 0.461487 0.625000
vt 0.470052 0.625000
vt 0.479106 0.625000
vt 0.488770 0.625000
vt 0.499166 0.625000
vt 0.453288 0.656250
vt 0.445333 0.656250
vt 0.461487 0.656250
vt 0.470052 0.656250
vt 0.479106 0.656250
vt 0.488770 0.656250
vt 0.499166 0.656250
vt 0.453288 0.687500
vt 0.445333 0.687500
vt 0.461487 0.687500
vt 0.470052 0.687500
vt 0.479106 0.687500
vt 0.488770 0.687500
vt 0.499166 0.687500
vt 0.453288 0.718750
vt 0.445333 0.718750
vt 0.461487 0.718750
vt 0.470052 0.718750
vt 0.479106 0.718750
vt 0.488770 0.718750
vt 0.499166 0.718750
vt 0.437500 0.500000
vt 0.445333 0.500000
vt 0.437500 0.531250
vt 0.453288 0.500000
vt 0.461487 0.500000
vt 0.470052 0.500000
vt 0.479106 0.500000
vt 0.488770 0.500000
vt 0.499166 0.500000
vt 0.510417 0.500000
vt 0.510417 0.531250
vt 0.510417 0.562500
vt 0.510417 0.593750
vt 0.510417 0.625000
vt 0.510417 0.656250
vt 0.510417 0.687500
vt 0.510417 0.718750
vt 0.510417 0.750000
vt 0.499166 0.750000
vt 0.488770 0.750000
vt 0.479106 0.750000
vt 0.470052 0.750000
vt 0.445333 0.750000
vt 0.437500 0.718750
vt 0.437500 0.750000
vt 0.437500 0.687500
vt 0.437500 0.656250
vt 0.437500 0.625000
vt 0.437500 0.593750
vt 0.437500 0.562500
vt 0.445333 0.281250
vt 0.453288 0.281250
vt 0.453288 0.312500
vt 0.445333 0.312500
vt 0.461487 0.281250
vt 0.461487 0.312500
vt 0.470052 0.281250
vt 0.470052 0.312500
vt 0.479106 0.281250
vt 0.479106 0.312500
vt 0.488770 0.281250
vt 0.488770 0.312500
vt 0.499166 0.281250
vt 0.499166 0.312500
vt 0.453288 0.343750
vt 0.445333 0.343750
vt 0.461487 0.343750
vt 0.470052 0.343750
vt 0.479106 0.343750
vt 0.488770 0.343750
vt 0.499166 0.343750
vt 0.453288 0.375000
vt 0.445333 0.375000
vt 0.461487 0.375000
vt 0.470052 0.375000
vt 0.479106 0.375000
vt 0.488770 0.375000
vt 0.499166 0.375000
vt 0.453288 0.406250
vt 0.445333 0.406250
vt 0.461487 0.406250
vt 0.470052 0.406250
vt 0.479106 0.406250
vt 0.488770 0.406250
vt 0.499166 0.406250
vt 0.453288 0.437500
vt 0.445333 0.437500
vt 0.461487 0.437500
vt 0.470052 0.437500
vt 0.479106 0.437500
vt 0.488770 0.437500
vt 0.499166 0.437500
vt 0.453288 0.468750
vt 0.445333 0.468750
vt 0.461487 0.468750
vt 0.470052 0.468750
vt 0.479106 0.468750
vt 0.488770 0.468750
vt 0.499166 0.468750
vt 0.437500 0.250000
vt 0.445333 0.250000
vt 0.437500 0.281250
vt 0.453288 0.250000
vt 0.461487 0.250000
vt 0.470052 0.250000
vt 0.479106 0.250000
vt 0.488770 0.250000
vt 0.499166 0.250000
vt 0.510417 0.250000
vt 0.510417 0.281250
vt 0.510417 0.312500
vt 0.510417 0.375000
vt 0.510417 0.406250
vt 0.510417 0.437500
vt 0.437500 0.468750
vt 0.437500 0.437500
vt 0.437500 0.406250
vt 0.437500 0.375000
vt 0.437500 0.343750
vt 0.437500 0.312500
vt 0.445318 0.031250
vt 0.453165 0.031250
vt 0.453203 0.062500
vt 0.445322 0.062500
vt 0.461073 0.031250
vt 0.461201 0.062500
vt 0.469072 0.031250
vt 0.469374 0.062500
vt 0.477211 0.031250
vt 0.477810 0.062500
vt 0.485613 0.031250
vt 0.486711 0.062500
vt 0.494538 0.031250
vt 0.496364 0.062500
vt 0.453236 0.093750
vt 0.445326 0.093750
vt 0.461311 0.093750
vt 0.469635 0.093750
vt 0.478315 0.093750
vt 0.487557 0.093750
vt 0.497595 0.093750
vt 0.453261 0.125000
vt 0.445330 0.125000
vt 0.461395 0.125000
vt 0.469835 0.125000
vt 0.478695 0.125000
vt 0.488146 0.125000
vt 0.498369 0.125000
vt 0.453276 0.156250
vt 0.445332 0.156250
vt 0.461448 0.156250
vt 0.469961 0.156250
vt 0.478933 0.156250
vt 0.488506 0.156250
vt 0.498830 0.156250
vt 0.453284 0.187500
vt 0.445332 0.187500
vt 0.461475 0.187500
vt 0.470025 0.187500
vt 0.479054 0.187500
vt 0.488692 0.187500
vt 0.499066 0.187500
vt 0.453287 0.218750
vt 0.445333 0.218750
vt 0.461485 0.218750
vt 0.470049 0.218750
vt 0.479099 0.218750
vt 0.488760 0.218750
vt 0.499153 0.218750
vt 0.437500 0.000000
vt 0.445313 0.000000
vt 0.437500 0.031250
vt 0.453125 0.000000
vt 0.460938 0.000000
vt 0.468750 0.000000
vt 0.476563 0.000000
vt 0.484375 0.000000
vt 0.492188 0.000000
vt 0.499166 0.250000
vt 0.479106 0.250000
vt 0.445333 0.250000
vt 0.437500 0.218750
vt 0.437500 0.250000
vt 0.437500 0.187500
vt 0.437500 0.156250
vt 0.437500 0.125000
vt 0.437500 0.093750
vt 0.437500 0.062500
vt 0.382813 0.031250
vt 0.390625 0.031250
vt 0.390625 0.062500
vt 0.382813 0.062500
vt 0.398438 0.031250
vt 0.398438 0.062500
vt 0.406250 0.031250
vt 0.406250 0.062500
vt 0.414063 0.031250
vt 0.414063 0.062500
vt 0.421875 0.031250
vt 0.421875 0.062500
vt 0.429688 0.031250
vt 0.429688 0.062500
vt 0.390625 0.093750
vt 0.382812 0.093750
vt 0.398438 0.093750
vt 0.406250 0.093750
vt 0.414063 0.093750
vt 0.421875 0.093750
vt 0.429688 0.093750
vt 0.390625 0.125000
vt 0.382813 0.125000
vt 0.398438 0.125000
vt 0.406250 0.125000
vt 0.414063 0.125000
vt 0.421875 0.125000
vt 0.429688 0.125000
vt 0.390625 0.156250
vt 0.382812 0.156250
vt 0.398438 0.156250
vt 0.406250 0.156250
vt 0.414063 0.156250
vt 0.421875 0.156250
vt 0.429688 0.156250
vt 0.390625 0.187500
vt 0.382813 0.187500
vt 0.398438 0.187500
vt 0.406250 0.187500
vt 0.414063 0.187500
vt 0.421875 0.187500
vt 0.429688 0.187500
vt 0.390625 0.218750
vt 0.382813 0.218750
vt 0.398438 0.218750
vt 0.406250 0.218750
vt 0.414063 0.218750
vt 0.421875 0.218750
vt 0.429688 0.218750
vt 0.375000 0.000000
vt 0.382813 0.000000
vt 0.375000 0.031250
vt 0.390625 0.000000
vt 0.398438 0.000000
vt 0.406250 0.000000
vt 0.414063 0.000000
vt 0.421875 0.000000
vt 0.429688 0.000000
vt 0.429688 0.250000
vt 0.421875 0.250000
vt 0.414063 0.250000
vt 0.406250 0.250000
vt 0.398438 0.250000
vt 0.390625 0.250000
vt 0.382813 0.250000
vt 0.375000 0.218750
vt 0.375000 0.250000
vt 0.375000 0.187500
vt 0.375000 0.156250
vt 0.375000 0.125000
vt 0.375000 0.093750
vt 0.375000 0.062500
vt 0.382813 0.281250
vt 0.390625 0.281250
vt 0.390625 0.312500
vt 0.382813 0.312500
vt 0.398438 0.281250
vt 0.398438 0.312500
vt 0.406250 0.281250
vt 0.406250 0.312500
vt 0.414063 0.281250
vt 0.414063 0.312500
vt 0.421875 0.281250
vt 0.421875 0.312500
vt 0.429688 0.281250
vt 0.429688 0.312500
vt 0.390625 0.343750
vt 0.382812 0.343750
vt 0.398438 0.343750
vt 0.406250 0.343750
vt 0.414063 0.343750
vt 0.421875 0.343750
vt 0.429688 0.343750
vt 0.390625 0.375000
vt 0.382813 0.375000
vt 0.398438 0.375000
vt 0.406250 0.375000
vt 0.414063 0.375000
vt 0.421875 0.375000
vt 0.429688 0.375000
vt 0.390603 0.406250
vt 0.382798 0.406250
vt 0.398419 0.406250
vt 0.406240 0.406250
vt 0.414058 0.406250
vt 0.421874 0.406250
vt 0.429687 0.406250
vt 0.390452 0.437500
vt 0.382699 0.437500
vt 0.398291 0.437500
vt 0.406169 0.437500
vt 0.414028 0.437500
vt 0.421865 0.437500
vt 0.429686 0.437500
vt 0.389970 0.468750
vt 0.382279 0.468750
vt 0.397935 0.468750
vt 0.405975 0.468750
vt 0.413947 0.468750
vt 0.421841 0.468750
vt 0.429683 0.468750
vt 0.375000 0.281250
vt 0.437500 0.312500
vt 0.437500 0.343750
vt 0.437500 0.375000
vt 0.437500 0.406250
vt 0.437500 0.437500
vt 0.437500 0.500000
vt 0.429677 0.500000
vt 0.421794 0.500000
vt 0.413788 0.500000
vt 0.405599 0.500000
vt 0.397196 0.500000
vt 0.388672 0.500000
vt 0.380297 0.500000
vt 0.375000 0.468750
vt 0.375000 0.437500
vt 0.375000 0.406250
vt 0.375000 0.375000
vt 0.375000 0.343750
vt 0.375000 0.312500
vt 0.375253 0.531250
vt 0.386285 0.531250
vt 0.383677 0.562500
vt 0.370464 0.562500
vt 0.396010 0.531250
vt 0.394703 0.562500
vt 0.405019 0.531250
vt 0.404378 0.562500
vt 0.413543 0.531250
vt 0.413273 0.562500
vt 0.421721 0.531250
vt 0.421641 0.562500
vt 0.429668 0.531250
vt 0.429658 0.562500
vt 0.381847 0.593750
vt 0.367582 0.593750
vt 0.393680 0.593750
vt 0.403859 0.593750
vt 0.413054 0.593750
vt 0.421576 0.593750
vt 0.429650 0.593750
vt 0.381185 0.625000
vt 0.366659 0.625000
vt 0.393270 0.625000
vt 0.403646 0.625000
vt 0.412964 0.625000
vt 0.421550 0.625000
vt 0.429647 0.625000
vt 0.381847 0.656250
vt 0.367583 0.656250
vt 0.393680 0.656250
vt 0.403859 0.656250
vt 0.413054 0.656250
vt 0.421576 0.656250
vt 0.429650 0.656250
vt 0.383677 0.687500
vt 0.370464 0.687500
vt 0.394703 0.687500
vt 0.404378 0.687500
vt 0.413273 0.687500
vt 0.421641 0.687500
vt 0.429658 0.687500
vt 0.386285 0.718750
vt 0.375253 0.718750
vt 0.396010 0.718750
vt 0.405019 0.718750
vt 0.413543 0.718750
vt 0.421721 0.718750
vt 0.429668 0.718750
vt 0.437500 0.562500
vt 0.437500 0.593750
vt 0.437500 0.625000
vt 0.437500 0.687500
vt 0.437500 0.718750
vt 0.429677 0.750000
vt 0.421794 0.750000
vt 0.413788 0.750000
vt 0.405599 0.750000
vt 0.397197 0.750000
vt 0.388672 0.750000
vt 0.380297 0.750000
vt 0.382279 0.781250
vt 0.389970 0.781250
vt 0.390452 0.812500
vt 0.382699 0.812500
vt 0.397935 0.781250
vt 0.398291 0.812500
vt 0.405975 0.781250
vt 0.406169 0.812500
vt 0.413947 0.781250
vt 0.414028 0.812500
vt 0.421841 0.781250
vt 0.421865 0.812500
vt 0.429683 0.781250
vt 0.429686 0.812500
vt 0.390603 0.843750
vt 0.382798 0.843750
vt 0.398419 0.843750
vt 0.406240 0.843750
vt 0.414058 0.843750
vt 0.421874 0.843750
vt 0.429687 0.843750
vt 0.390625 0.875000
vt 0.382813 0.875000
vt 0.398438 0.875000
vt 0.406250 0.875000
vt 0.414063 0.875000
vt 0.421875 0.875000
vt 0.429688 0.875000
vt 0.390625 0.906250
vt 0.382812 0.906250
vt 0.398438 0.906250
vt 0.406250 0.906250
vt 0.414063 0.906250
vt 0.421875 0.906250
vt 0.429688 0.906250
vt 0.390625 0.937500
vt 0.382813 0.937500
vt 0.398438 0.937500
vt 0.406250 0.937500
vt 0.414063 0.937500
vt 0.421875 0.937500
vt 0.429688 0.937500
vt 0.390625 0.968750
vt 0.382813 0.968750
vt 0.398438 0.968750
vt 0.406250 0.968750
vt 0.414062 0.968750
vt 0.421875 0.968750
vt 0.429688 0.968750
vt 0.375000 0.781250
vt 0.429688 1.000000
vt 0.421875 1.000000
vt 0.414063 1.000000
vt 0.406250 1.000000
vt 0.398438 1.000000
vt 0.390625 1.000000
vt 0.382813 1.000000
vt 0.375000 0.968750
vt 0.375000 1.000000
vt 0.375000 0.937500
vt 0.375000 0.906250
vt 0.375000 0.875000
vt 0.375000 0.843750
vt 0.375000 0.812500
s 1
usemtl mii_skin
f 505/54/181 506/55/182 513/56/183
f 505/54/181 513/56/183 512/57/184
f 506/55/182 507/58/185 514/59/186
f 506/55/182 514/59/186 513/56/183
f 507/58/185 508/60/187 515/61/188
f 507/58/185 515/61/188 514/59/186
f 508/60/187 509/62/189 516/63/190
f 508/60/187 516/63/190 515/61/188
f 509/62/189 510/64/191 517/65/192
f 509/62/189 517/65/192 516/63/190
f 510/64/191 511/66/193 518/67/194
f 510/64/191 518/67/194 517/65/192
f 512/57/184 513/56/183 520/68/195
f 512/57/184 520/68/195 519/69/196
f 513/56/183 514/59/186 521/70/197
f 513/56/183 521/70/197 520/68/195
f 514/59/186 515/61/188 522/71/198
f 514/59/186 522/71/198 521/70/197
f 515/61/188 516/63/190 523/72/199
f 515/61/188 523/72/199 522/71/198
f 516/63/190 517/65/192 524/73/200
f 516/63/190 524/73/200 523/72/199
f 517/65/192 518/67/194 525/74/201
f 517/65/192 525/74/201 524/73/200
f 519/69/196 520/68/195 527/75/202
f 519/69/196 527/75/202 526/76/203
f 520/68/195 521/70/197 528/77/204
f 520/68/195 528/77/204 527/75/202
f 521/70/197 522/71/198 529/78/205
f 521/70/197 529/78/205 528/77/204
f 522/71/198 523/72/199 530/79/206
f 522/71/198 530/79/206 529/78/205
f 523/72/199 524/73/200 531/80/207
f 523/72/199 531/80/207 530/79/206
f 524/73/200 525/74/201 532/81/208
f 524/73/200 532/81/208 531/80/207
f 526/76/203 527/75/202 534/82/209
f 526/76/203 534/82/209 533/83/210
f 527/75/202 528/77/204 535/84/211
f 527/75/202 535/84/211 534/82/209
f 528/77/204 529/78/205 536/85/212
f 528/77/204 536/85/212 535/84/211
f 529/78/205 530/79/206 537/86/213
f 529/78/205 537/86/213 536/85/212
f 530/79/206 531/80/207 538/87/214
f 530/79/206 538/87/214 537/86/213
f 531/80/207 532/81/208 539/88/215
f 531/80/207 539/88/215 538/87/214
f 533/83/210 534/82/209 541/89/216
f 533/83/210 541/89/216 540/90/217
f 534/82/209 535/84/211 542/91/218
f 534/82/209 542/91/218 541/89/216
f 535/84/211 536/85/212 543/92/219
f 535/84/211 543/92/219 542/91/218
f 536/85/212 537/86/213 544/93/220
f 536/85/212 544/93/220 543/92/219
f 537/86/213 538/87/214 545/94/221
f 537/86/213 545/94/221 544/93/220
f 538/87/214 539/88/215 546/95/222
f 538/87/214 546/95/222 545/94/221
f 540/90/217 541/89/216 548/96/223
f 540/90/217 548/96/223 547/97/224
f 541/89/216 542/91/218 549/98/225
f 541/89/216 549/98/225 548/96/223
f 542/91/218 543/92/219 550/99/226
f 542/91/218 550/99/226 549/98/225
f 543/92/219 544/93/220 551/100/227
f 543/92/219 551/100/227 550/99/226
f 544/93/220 545/94/221 552/101/228
f 544/93/220 552/101/228 551/100/227
f 545/94/221 546/95/222 553/102/229
f 545/94/221 553/102/229 552/101/228
f 201/103/230 230/104/231 505/54/181
f 201/103/230 505/54/181 417/105/232
f 230/104/231 232/106/233 506/55/182
f 230/104/231 506/55/182 505/54/181
f 232/106/233 234/107/234 507/58/185
f 232/106/233 507/58/185 506/55/182
f 234/107/234 236/108/235 508/60/187
f 234/107/234 508/60/187 507/58/185
f 236/108/235 238/109/236 509/62/189
f 236/108/235 509/62/189 508/60/187
f 238/109/236 240/110/237 510/64/191
f 238/109/236 510/64/191 509/62/189
f 240/110/237 242/111/238 511/66/193
f 240/110/237 511/66/193 510/64/191
f 242/111/238 189/112/239 244/113/240
f 242/111/238 244/113/240 511/66/193
f 511/66/193 244/113/240 246/114/241
f 511/66/193 246/114/241 518/67/194
f 518/67/194 246/114/241 248/115/242
f 518/67/194 248/115/242 525/74/201
f 525/74/201 248/115/242 250/116/243
f 525/74/201 250/116/243 532/81/208
f 532/81/208 250/116/243 252/117/244
f 532/81/208 252/117/244 539/88/215
f 539/88/215 252/117/244 254/118/245
f 539/88/215 254/118/245 546/95/222
f 546/95/222 254/118/245 256/119/246
f 546/95/222 256/119/246 553/102/229
f 553/102/229 256/119/246 194/120/247
f 553/102/229 194/120/247 363/121/248
f 552/101/228 553/102/229 363/121/248
f 552/101/228 363/121/248 364/122/249
f 551/100/227 552/101/228 364/122/249
f 551/100/227 364/122/249 365/123/250
f 550/99/226 551/100/227 365/123/250
f 550/99/226 365/123/250 366/124/251
f 549/98/225 550/99/226 366/124/251
f 549/98/225 366/124/251 367/125/252
f 548/96/223 549/98/225 367/125/252
f 548/96/223 367/125/252 368/126/253
f 547/97/224 548/96/223 368/126/253
f 547/97/224 368/126/253 369/127/254
f 423/128/255 547/97/224 369/127/254
f 423/128/255 369/127/254 203/129/256
f 422/130/257 540/90/217 547/97/224
f 422/130/257 547/97/224 423/128/255
f 421/131/258 533/83/210 540/90/217
f 421/131/258 540/90/217 422/130/257
f 420/132/259 526/76/203 533/83/210
f 420/132/259 533/83/210 421/131/258
f 419/133/260 519/69/196 526/76/203
f 419/133/260 526/76/203 420/132/259
f 418/134/261 512/57/184 519/69/196
f 418/134/261 519/69/196 419/133/260
f 417/105/232 505/54/181 512/57/184
f 417/105/232 512/57/184 418/134/261
f 554/135/262 555/136/263 562/137/264
f 554/135/262 562/137/264 561/138/265
f 555/136/263 556/139/266 563/140/267
f 555/136/263 563/140/267 562/137/264
f 556/139/266 557/141/268 564/142/269
f 556/139/266 564/142/269 563/140/267
f 557/141/268 558/143/270 565/144/271
f 557/141/268 565/144/271 564/142/269
f 558/143/270 559/145/272 566/146/273
f 558/143/270 566/146/273 565/144/271
f 559/145/272 560/147/274 567/148/275
f 559/145/272 567/148/275 566/146/273
f 561/138/265 562/137/264 569/149/276
f 561/138/265 569/149/276 568/150/277
f 562/137/264 563/140/267 570/151/278
f 562/137/264 570/151/278 569/149/276
f 563/140/267 564/142/269 571/152/279
f 563/140/267 571/152/279 570/151/278
f 564/142/269 565/144/271 572/153/280
f 564/142/269 572/153/280 571/152/279
f 565/144/271 566/146/273 573/154/281
f 565/144/271 573/154/281 572/153/280
f 566/146/273 567/148/275 574/155/282
f 566/146/273 574/155/282 573/154/281
f 568/150/277 569/149/276 576/156/283
f 568/150/277 576/156/283 575/157/284
f 569/149/276 570/151/278 577/158/285
f 569/149/276 577/158/285 576/156/283
f 570/151/278 571/152/279 578/159/286
f 570/151/278 578/159/286 577/158/285
f 571/152/279 572/153/280 579/160/287
f 571/152/279 579/160/287 578/159/286
f 572/153/280 573/154/281 580/161/288
f 572/153/280 580/161/288 579/160/287
f 573/154/281 574/155/282 581/162/289
f 573/154/281 581/162/289 580/161/288
f 575/157/284 576/156/283 583/163/290
f 575/157/284 583/163/290 582/164/291
f 576/156/283 577/158/285 584/165/292
f 576/156/283 584/165/292 583/163/290
f 577/158/285 578/159/286 585/166/293
f 577/158/285 585/166/293 584/165/292
f 578/159/286 579/160/287 586/167/294
f 578/159/286 586/167/294 585/166/293
f 579/160/287 580/161/288 587/168/295
f 579/160/287 587/168/295 586/167/294
f 580/161/288 581/162/289 588/169/296
f 580/161/288 588/169/296 587/168/295
f 582/164/291 583/163/290 590/170/297
f 582/164/291 590/170/297 589/171/298
f 583/163/290 584/165/292 591/172/299
f 583/163/290 591/172/299 590/170/297
f 584/165/292 585/166/293 592/173/300
f 584/165/292 592/173/300 591/172/299
f 585/166/293 586/167/294 593/174/301
f 585/166/293 593/174/301 592/173/300
f 586/167/294 587/168/295 594/175/302
f 586/167/294 594/175/302 593/174/301
f 587/168/295 588/169/296 595/176/303
f 587/168/295 595/176/303 594/175/302
f 589/171/298 590/170/297 597/177/304
f 589/171/298 597/177/304 596/178/305
f 590/170/297 591/172/299 598/179/306
f 590/170/297 598/179/306 597/177/304
f 591/172/299 592/173/300 599/180/307
f 591/172/299 599/180/307 598/179/306
f 592/173/300 593/174/301 600/181/308
f 592/173/300 600/181/308 599/180/307
f 593/174/301 594/175/302 601/182/309
f 593/174/301 601/182/309 600/181/308
f 594/175/302 595/176/303 602/183/310
f 594/175/302 602/183/310 601/182/309
f 203/129/256 369/127/254 554/135/262
f 203/129/256 554/135/262 406/184/311
f 369/127/254 368/126/253 555/136/263
f 369/127/254 555/136/263 554/135/262
f 368/126/253 367/125/252 556/139/266
f 368/126/253 556/139/266 555/136/263
f 367/125/252 366/124/251 557/141/268
f 367/125/252 557/141/268 556/139/266
f 366/124/251 365/123/250 558/143/270
f 366/124/251 558/143/270 557/141/268
f 365/123/250 364/122/249 559/145/272
f 365/123/250 559/145/272 558/143/270
f 364/122/249 363/121/248 560/147/274
f 364/122/249 560/147/274 559/145/272
f 363/121/248 194/120/247 279/185/312
f 363/121/248 279/185/312 560/147/274
f 560/147/274 279/185/312 281/186/313
f 560/147/274 281/186/313 567/148/275
f 567/148/275 281/186/313 283/187/314
f 567/148/275 283/187/314 574/155/282
f 574/155/282 283/187/314 285/188/315
f 574/155/282 285/188/315 581/162/289
f 581/162/289 285/188/315 287/189/316
f 581/162/289 287/189/316 588/169/296
f 588/169/296 287/189/316 289/190/317
f 588/169/296 289/190/317 595/176/303
f 595/176/303 289/190/317 291/191/318
f 595/176/303 291/191/318 602/183/310
f 602/183/310 291/191/318 199/192/319
f 602/183/310 199/192/319 370/193/320
f 601/182/309 602/183/310 370/193/320
f 601/182/309 370/193/320 371/194/321
f 600/181/308 601/182/309 371/194/321
f 600/181/308 371/194/321 372/195/322
f 599/180/307 600/181/308 372/195/322
f 599/180/307 372/195/322 373/196/323
f 598/179/306 599/180/307 373/196/323
f 598/179/306 373/196/323 374/197/324
f 597/177/304 598/179/306 374/197/324
f 597/177/304 374/197/324 375/198/325
f 596/178/305 597/177/304 375/198/325
f 596/178/305 375/198/325 376/199/326
f 416/200/327 596/178/305 376/199/326
f 416/200/327 376/199/326 205/201/328
f 415/202/329 589/171/298 596/178/305
f 415/202/329 596/178/305 416/200/327
f 412/203/330 582/164/291 589/171/298
f 412/203/330 589/171/298 415/202/329
f 411/204/331 575/157/284 582/164/291
f 411/204/331 582/164/291 412/203/330
f 409/205/332 568/150/277 575/157/284
f 409/205/332 575/157/284 411/204/331
f 408/206/333 561/138/265 568/150/277
f 408/206/333 568/150/277 409/205/332
f 406/184/311 554/135/262 561/138/265
f 406/184/311 561/138/265 408/206/333
f 603/207/334 604/208/335 611/209/336
f 603/207/334 611/209/336 610/210/337
f 604/208/335 605/211/338 612/212/339
f 604/208/335 612/212/339 611/209/336
f 605/211/338 606/213/340 613/214/341
f 605/211/338 613/214/341 612/212/339
f 606/213/340 607/215/342 614/216/343
f 606/213/340 614/216/343 613/214/341
f 607/215/342 608/217/344 615/218/345
f 607/215/342 615/218/345 614/216/343
f 608/217/344 609/219/346 616/220/347
f 608/217/344 616/220/347 615/218/345
f 610/210/337 611/209/336 618/221/348
f 610/210/337 618/221/348 617/222/349
f 611/209/336 612/212/339 619/223/350
f 611/209/336 619/223/350 618/221/348
f 612/212/339 613/214/341 620/224/351
f 612/212/339 620/224/351 619/223/350
f 613/214/341 614/216/343 621/225/352
f 613/214/341 621/225/352 620/224/351
f 614/216/343 615/218/345 622/226/353
f 614/216/343 622/226/353 621/225/352
f 615/218/345 616/220/347 623/227/354
f 615/218/345 623/227/354 622/226/353
f 617/222/349 618/221/348 625/228/355
f 617/222/349 625/228/355 624/229/356
f 618/221/348 619/223/350 626/230/357
f 618/221/348 626/230/357 625/228/355
f 619/223/350 620/224/351 627/231/358
f 619/223/350 627/231/358 626/230/357
f 620/224/351 621/225/352 628/232/359
f 620/224/351 628/232/359 627/231/358
f 621/225/352 622/226/353 629/233/360
f 621/225/352 629/233/360 628/232/359
f 622/226/353 623/227/354 630/234/361
f 622/226/353 630/234/361 629/233/360
f 624/229/356 625/228/355 632/235/362
f 624/229/356 632/235/362 631/236/363
f 625/228/355 626/230/357 633/237/364
f 625/228/355 633/237/364 632/235/362
f 626/230/357 627/231/358 634/238/365
f 626/230/357 634/238/365 633/237/364
f 627/231/358 628/232/359 635/239/366
f 627/231/358 635/239/366 634/238/365
f 628/232/359 629/233/360 636/240/367
f 628/232/359 636/240/367 635/239/366
f 629/233/360 630/234/361 637/241/368
f 629/233/360 637/241/368 636/240/367
f 631/236/363 632/235/362 639/242/369
f 631/236/363 639/242/369 638/243/370
f 632/235/362 633/237/364 640/244/371
f 632/235/362 640/244/371 639/242/369
f 633/237/364 634/238/365 641/245/372
f 633/237/364 641/245/372 640/244/371
f 634/238/365 635/239/366 642/246/373
f 634/238/365 642/246/373 641/245/372
f 635/239/366 636/240/367 643/247/374
f 635/239/366 643/247/374 642/246/373
f 636/240/367 637/241/368 644/248/375
f 636/240/367 644/248/375 643/247/374
f 638/243/370 639/242/369 646/249/376
f 638/243/370 646/249/376 645/250/377
f 639/242/369 640/244/371 647/251/378
f 639/242/369 647/251/378 646/249/376
f 640/244/371 641/245/372 648/252/379
f 640/244/371 648/252/379 647/251/378
f 641/245/372 642/246/373 649/253/380
f 641/245/372 649/253/380 648/252/379
f 642/246/373 643/247/374 650/254/381
f 642/246/373 650/254/381 649/253/380
f 643/247/374 644/248/375 651/255/382
f 643/247/374 651/255/382 650/254/381
f 205/201/328 376/199/326 603/207/334
f 205/201/328 603/207/334 392/256/383
f 376/199/326 375/198/325 604/208/335
f 376/199/326 604/208/335 603/207/334
f 375/198/325 374/197/324 605/211/338
f 375/198/325 605/211/338 604/208/335
f 374/197/324 373/196/323 606/213/340
f 374/197/324 606/213/340 605/211/338
f 373/196/323 372/195/322 607/215/342
f 373/196/323 607/215/342 606/213/340
f 372/195/322 371/194/321 608/217/344
f 372/195/322 608/217/344 607/215/342
f 371/194/321 370/193/320 609/219/346
f 371/194/321 609/219/346 608/217/344
f 370/193/320 199/192/319 307/257/384
f 370/193/320 307/257/384 609/219/346
f 609/219/346 307/257/384 308/258/385
f 609/219/346 308/258/385 616/220/347
f 616/220/347 308/258/385 309/259/386
f 616/220/347 309/259/386 623/227/354
f 623/227/354 309/259/386 310/260/387
f 623/227/354 310/260/387 630/234/361
f 630/234/361 310/260/387 311/261/388
f 630/234/361 311/261/388 637/241/368
f 637/241/368 311/261/388 312/262/389
f 637/241/368 312/262/389 644/248/375
f 644/248/375 312/262/389 313/263/390
f 644/248/375 313/263/390 651/255/382
f 651/255/382 313/263/390 197/264/391
f 651/255/382 197/264/391 377/265/392
f 650/254/381 651/255/382 377/265/392
f 650/254/381 377/265/392 378/266/393
f 649/253/380 650/254/381 378/266/393
f 649/253/380 378/266/393 379/267/394
f 648/252/379 649/253/380 379/267/394
f 648/252/379 379/267/394 380/268/395
f 647/251/378 648/252/379 380/268/395
f 647/251/378 380/268/395 381/269/396
f 646/249/376 647/251/378 381/269/396
f 646/249/376 381/269/396 382/270/397
f 645/250/377 646/249/376 382/270/397
f 645/250/377 382/270/397 383/271/398
f 404/272/399 645/250/377 383/271/398
f 404/272/399 383/271/398 207/273/400
f 402/274/401 638/243/370 645/250/377
f 402/274/401 645/250/377 404/272/399
f 399/275/402 631/236/363 638/243/370
f 399/275/402 638/243/370 402/274/401
f 398/276/403 624/229/356 631/236/363
f 398/276/403 631/236/363 399/275/402
f 396/277/404 617/222/349 624/229/356
f 396/277/404 624/229/356 398/276/403
f 394/278/405 610/210/337 617/222/349
f 394/278/405 617/222/349 396/277/404
f 392/256/383 603/207/334 610/210/337
f 392/256/383 610/210/337 394/278/405
f 652/279/406 653/280/407 660/281/408
f 652/279/406 660/281/408 659/282/409
f 653/280/407 654/283/410 661/284/411
f 653/280/407 661/284/411 660/281/408
f 654/283/410 655/285/412 662/286/413
f 654/283/410 662/286/413 661/284/411
f 655/285/412 656/287/414 663/288/415
f 655/285/412 663/288/415 662/286/413
f 656/287/414 657/289/416 664/290/417
f 656/287/414 664/290/417 663/288/415
f 657/289/416 658/291/418 665/292/419
f 657/289/416 665/292/419 664/290/417
f 659/282/409 660/281/408 667/293/420
f 659/282/409 667/293/420 666/294/421
f 660/281/408 661/284/411 668/295/422
f 660/281/408 668/295/422 667/293/420
f 661/284/411 662/286/413 669/296/423
f 661/284/411 669/296/423 668/295/422
f 662/286/413 663/288/415 670/297/424
f 662/286/413 670/297/424 669/296/423
f 663/288/415 664/290/417 671/298/425
f 663/288/415 671/298/425 670/297/424
f 664/290/417 665/292/419 672/299/426
f 664/290/417 672/299/426 671/298/425
f 666/294/421 667/293/420 674/300/427
f 666/294/421 674/300/427 673/301/428
f 667/293/420 668/295/422 675/302/429
f 667/293/420 675/302/429 674/300/427
f 668/295/422 669/296/423 676/303/430
f 668/295/422 676/303/430 675/302/429
f 669/296/423 670/297/424 677/304/431
f 669/296/423 677/304/431 676/303/430
f 670/297/424 671/298/425 678/305/432
f 670/297/424 678/305/432 677/304/431
f 671/298/425 672/299/426 679/306/433
f 671/298/425 679/306/433 678/305/432
f 673/301/428 674/300/427 681/307/434
f 673/301/428 681/307/434 680/308/435
f 674/300/427 675/302/429 682/309/436
f 674/300/427 682/309/436 681/307/434
f 675/302/429 676/303/430 683/310/437
f 675/302/429 683/310/437 682/309/436
f 676/303/430 677/304/431 684/311/438
f 676/303/430 684/311/438 683/310/437
f 677/304/431 678/305/432 685/312/439
f 677/304/431 685/312/439 684/311/438
f 678/305/432 679/306/433 686/313/440
f 678/305/432 686/313/440 685/312/439
f 680/308/435 681/307/434 688/314/441
f 680/308/435 688/314/441 687/315/442
f 681/307/434 682/309/436 689/316/443
f 681/307/434 689/316/443 688/314/441
f 682/309/436 683/310/437 690/317/444
f 682/309/436 690/317/444 689/316/443
f 683/310/437 684/311/438 691/318/445
f 683/310/437 691/318/445 690/317/444
f 684/311/438 685/312/439 692/319/446
f 684/311/438 692/319/446 691/318/445
f 685/312/439 686/313/440 693/320/447
f 685/312/439 693/320/447 692/319/446
f 687/315/442 688/314/441 695/321/448
f 687/315/442 695/321/448 694/322/449
f 688/314/441 689/316/443 696/323/450
f 688/314/441 696/323/450 695/321/448
f 689/316/443 690/317/444 697/324/451
f 689/316/443 697/324/451 696/323/450
f 690/317/444 691/318/445 698/325/452
f 690/317/444 698/325/452 697/324/451
f 691/318/445 692/319/446 699/326/453
f 691/318/445 699/326/453 698/325/452
f 692/319/446 693/320/447 700/327/454
f 692/319/446 700/327/454 699/326/453
f 207/273/400 383/271/398 652/279/406
f 207/273/400 652/279/406 384/328/455
f 383/271/398 382/270/397 653/280/407
f 383/271/398 653/280/407 652/279/406
f 382/270/397 381/269/396 654/283/410
f 382/270/397 654/283/410 653/280/407
f 381/269/396 380/268/395 655/285/412
f 381/269/396 655/285/412 654/283/410
f 380/268/395 379/267/394 656/287/414
f 380/268/395 656/287/414 655/285/412
f 379/267/394 378/266/393 657/289/416
f 379/267/394 657/289/416 656/287/414
f 378/266/393 377/265/392 658/291/418
f 378/266/393 658/291/418 657/289/416
f 377/265/392 197/264/391 335/329/456
f 377/265/392 335/329/456 658/291/418
f 658/291/418 335/329/456 337/330/457
f 658/291/418 337/330/457 665/292/419
f 665/292/419 337/330/457 339/331/458
f 665/292/419 339/331/458 672/299/426
f 672/299/426 339/331/458 341/332/459
f 672/299/426 341/332/459 679/306/433
f 679/306/433 341/332/459 343/333/460
f 679/306/433 343/333/460 686/313/440
f 686/313/440 343/333/460 345/334/461
f 686/313/440 345/334/461 693/320/447
f 693/320/447 345/334/461 347/335/462
f 693/320/447 347/335/462 700/327/454
f 700/327/454 347/335/462 190/336/239
f 700/327/454 190/336/239 243/337/238
f 699/326/453 700/327/454 243/337/238
f 699/326/453 243/337/238 241/338/237
f 698/325/452 699/326/453 241/338/237
f 698/325/452 241/338/237 239/339/236
f 697/324/451 698/325/452 239/339/236
f 697/324/451 239/339/236 237/340/235
f 696/323/450 697/324/451 237/340/235
f 696/323/450 237/340/235 235/341/234
f 695/321/448 696/323/450 235/341/234
f 695/321/448 235/341/234 233/342/233
f 694/322/449 695/321/448 233/342/233
f 694/322/449 233/342/233 231/343/231
f 390/344/463 694/322/449 231/343/231
f 390/344/463 231/343/231 200/345/230
f 389/346/464 687/315/442 694/322/449
f 389/346/464 694/322/449 390/344/463
f 388/347/465 680/308/435 687/315/442
f 388/347/465 687/315/442 389/346/464
f 387/348/466 673/301/428 680/308/435
f 387/348/466 680/308/435 388/347/465
f 386/349/467 666/294/421 673/301/428
f 386/349/467 673/301/428 387/348/466
f 385/350/468 659/282/409 666/294/421
f 385/350/468 666/294/421 386/349/467
f 384/328/455 652/279/406 659/282/409
f 384/328/455 659/282/409 385/350/468
f 701/351/469 702/352/470 709/353/471
f 701/351/469 709/353/471 708/354/472
f 702/352/470 703/355/473 710/356/474
f 702/352/470 710/356/474 709/353/471
f 703/355/473 704/357/475 711/358/476
f 703/355/473 711/358/476 710/356/474
f 704/357/475 705/359/477 712/360/478
f 704/357/475 712/360/478 711/358/476
f 705/359/477 706/361/479 713/362/480
f 705/359/477 713/362/480 712/360/478
f 706/361/479 707/363/481 714/364/482
f 706/361/479 714/364/482 713/362/480
f 708/354/472 709/353/471 716/365/483
f 708/354/472 716/365/483 715/366/484
f 709/353/471 710/356/474 717/367/485
f 709/353/471 717/367/485 716/365/483
f 710/356/474 711/358/476 718/368/486
f 710/356/474 718/368/486 717/367/485
f 711/358/476 712/360/478 719/369/487
f 711/358/476 719/369/487 718/368/486
f 712/360/478 713/362/480 720/370/488
f 712/360/478 720/370/488 719/369/487
f 713/362/480 714/364/482 721/371/489
f 713/362/480 721/371/489 720/370/488
f 715/366/484 716/365/483 723/372/490
f 715/366/484 723/372/490 722/373/491
f 716/365/483 717/367/485 724/374/492
f 716/365/483 724/374/492 723/372/490
f 717/367/485 718/368/486 725/375/493
f 717/367/485 725/375/493 724/374/492
f 718/368/486 719/369/487 726/376/494
f 718/368/486 726/376/494 725/375/493
f 719/369/487 720/370/488 727/377/495
f 719/369/487 727/377/495 726/376/494
f 720/370/488 721/371/489 728/378/496
f 720/370/488 728/378/496 727/377/495
f 722/373/491 723/372/490 730/379/497
f 722/373/491 730/379/497 729/380/498
f 723/372/490 724/374/492 731/381/499
f 723/372/490 731/381/499 730/379/497
f 724/374/492 725/375/493 732/382/500
f 724/374/492 732/382/500 731/381/499
f 725/375/493 726/376/494 733/383/501
f 725/375/493 733/383/501 732/382/500
f 726/376/494 727/377/495 734/384/502
f 726/376/494 734/384/502 733/383/501
f 727/377/495 728/378/496 735/385/503
f 727/377/495 735/385/503 734/384/502
f 729/380/498 730/379/497 737/386/504
f 729/380/498 737/386/504 736/387/505
f 730/379/497 731/381/499 738/388/506
f 730/379/497 738/388/506 737/386/504
f 731/381/499 732/382/500 739/389/507
f 731/381/499 739/389/507 738/388/506
f 732/382/500 733/383/501 740/390/508
f 732/382/500 740/390/508 739/389/507
f 733/383/501 734/384/502 741/391/509
f 733/383/501 741/391/509 740/390/508
f 734/384/502 735/385/503 742/392/510
f 734/384/502 742/392/510 741/391/509
f 736/387/505 737/386/504 744/393/511
f 736/387/505 744/393/511 743/394/512
f 737/386/504 738/388/506 745/395/513
f 737/386/504 745/395/513 744/393/511
f 738/388/506 739/389/507 746/396/514
f 738/388/506 746/396/514 745/395/513
f 739/389/507 740/390/508 747/397/515
f 739/389/507 747/397/515 746/396/514
f 740/390/508 741/391/509 748/398/516
f 740/390/508 748/398/516 747/397/515
f 741/391/509 742/392/510 749/399/517
f 741/391/509 749/399/517 748/398/516
f 192/400/518 277/401/519 701/351/469
f 192/400/518 701/351/469 216/402/520
f 277/401/519 275/403/521 702/352/470
f 277/401/519 702/352/470 701/351/469
f 275/403/521 273/404/522 703/355/473
f 275/403/521 703/355/473 702/352/470
f 273/404/522 271/405/523 704/357/475
f 273/404/522 704/357/475 703/355/473
f 271/405/523 269/406/524 705/359/477
f 271/405/523 705/359/477 704/357/475
f 269/406/524 267/407/525 706/361/479
f 269/406/524 706/361/479 705/359/477
f 267/407/525 265/408/526 707/363/481
f 267/407/525 707/363/481 706/361/479
f 265/408/526 198/409/527 306/410/528
f 265/408/526 306/410/528 707/363/481
f 707/363/481 306/410/528 305/411/529
f 707/363/481 305/411/529 714/364/482
f 714/364/482 305/411/529 304/412/530
f 714/364/482 304/412/530 721/371/489
f 721/371/489 304/412/530 303/413/531
f 721/371/489 303/413/531 728/378/496
f 728/378/496 303/413/531 302/414/532
f 728/378/496 302/414/532 735/385/503
f 735/385/503 302/414/532 301/415/533
f 735/385/503 301/415/533 742/392/510
f 742/392/510 301/415/533 300/416/534
f 742/392/510 300/416/534 749/399/517
f 749/399/517 300/416/534 196/417/535
f 749/399/517 196/417/535 333/418/536
f 748/398/516 749/399/517 333/418/536
f 748/398/516 333/418/536 331/419/537
f 747/397/515 748/398/516 331/419/537
f 747/397/515 331/419/537 329/420/538
f 746/396/514 747/397/515 329/420/538
f 746/396/514 329/420/538 327/421/539
f 745/395/513 746/396/514 327/421/539
f 745/395/513 327/421/539 325/422/540
f 744/393/511 745/395/513 325/422/540
f 744/393/511 325/422/540 323/423/541
f 743/394/512 744/393/511 323/423/541
f 743/394/512 323/423/541 321/424/542
f 228/425/543 743/394/512 321/424/542
f 228/425/543 321/424/542 186/426/544
f 226/427/545 736/387/505 743/394/512
f 226/427/545 743/394/512 228/425/543
f 224/428/546 729/380/498 736/387/505
f 224/428/546 736/387/505 226/427/545
f 222/429/547 722/373/491 729/380/498
f 222/429/547 729/380/498 224/428/546
f 220/430/548 715/366/484 722/373/491
f 220/430/548 722/373/491 222/429/547
f 218/431/549 708/354/472 715/366/484
f 218/431/549 715/366/484 220/430/548
f 216/402/520 701/351/469 708/354/472
f 216/402/520 708/354/472 218/431/549
f 750/432/550 751/433/551 758/434/552
f 750/432/550 758/434/552 757/435/553
f 751/433/551 752/436/554 759/437/555
f 751/433/551 759/437/555 758/434/552
f 752/436/554 753/438/556 760/439/557
f 752/436/554 760/439/557 759/437/555
f 753/438/556 754/440/558 761/441/559
f 753/438/556 761/441/559 760/439/557
f 754/440/558 755/442/560 762/443/561
f 754/440/558 762/443/561 761/441/559
f 755/442/560 756/444/562 763/445/563
f 755/442/560 763/445/563 762/443/561
f 757/435/553 758/434/552 765/446/564
f 757/435/553 765/446/564 764/447/565
f 758/434/552 759/437/555 766/448/566
f 758/434/552 766/448/566 765/446/564
f 759/437/555 760/439/557 767/449/567
f 759/437/555 767/449/567 766/448/566
f 760/439/557 761/441/559 768/450/568
f 760/439/557 768/450/568 767/449/567
f 761/441/559 762/443/561 769/451/569
f 761/441/559 769/451/569 768/450/568
f 762/443/561 763/445/563 770/452/570
f 762/443/561 770/452/570 769/451/569
f 764/447/565 765/446/564 772/453/571
f 764/447/565 772/453/571 771/454/572
f 765/446/564 766/448/566 773/455/573
f 765/446/564 773/455/573 772/453/571
f 766/448/566 767/449/567 774/456/574
f 766/448/566 774/456/574 773/455/573
f 767/449/567 768/450/568 775/457/575
f 767/449/567 775/457/575 774/456/574
f 768/450/568 769/451/569 776/458/576
f 768/450/568 776/458/576 775/457/575
f 769/451/569 770/452/570 777/459/577
f 769/451/569 777/459/577 776/458/576
f 771/454/572 772/453/571 779/460/578
f 771/454/572 779/460/578 778/461/579
f 772/453/571 773/455/573 780/462/580
f 772/453/571 780/462/580 779/460/578
f 773/455/573 774/456/574 781/463/581
f 773/455/573 781/463/581 780/462/580
f 774/456/574 775/457/575 782/464/582
f 774/456/574 782/464/582 781/463/581
f 775/457/575 776/458/576 783/465/583
f 775/457/575 783/465/583 782/464/582
f 776/458/576 777/459/577 784/466/584
f 776/458/576 784/466/584 783/465/583
f 778/461/579 779/460/578 786/467/585
f 778/461/579 786/467/585 785/468/586
f 779/460/578 780/462/580 787/469/587
f 779/460/578 787/469/587 786/467/585
f 780/462/580 781/463/581 788/470/588
f 780/462/580 788/470/588 787/469/587
f 781/463/581 782/464/582 789/471/589
f 781/463/581 789/471/589 788/470/588
f 782/464/582 783/465/583 790/472/590
f 782/464/582 790/472/590 789/471/589
f 783/465/583 784/466/584 791/473/591
f 783/465/583 791/473/591 790/472/590
f 785/468/586 786/467/585 793/474/592
f 785/468/586 793/474/592 792/475/593
f 786/467/585 787/469/587 794/476/594
f 786/467/585 794/476/594 793/474/592
f 787/469/587 788/470/588 795/477/595
f 787/469/587 795/477/595 794/476/594
f 788/470/588 789/471/589 796/478/596
f 788/470/588 796/478/596 795/477/595
f 789/471/589 790/472/590 797/479/597
f 789/471/589 797/479/597 796/478/596
f 790/472/590 791/473/591 798/480/598
f 790/472/590 798/480/598 797/479/597
f 199/192/319 292/481/318 750/432/550
f 199/192/319 750/432/550 307/257/384
f 292/481/318 290/482/317 751/433/551
f 292/481/318 751/433/551 750/432/550
f 290/482/317 288/483/316 752/436/554
f 290/482/317 752/436/554 751/433/551
f 288/483/316 286/484/315 753/438/556
f 288/483/316 753/438/556 752/436/554
f 286/484/315 284/485/314 754/440/558
f 286/484/315 754/440/558 753/438/556
f 284/485/314 282/486/599 755/442/560
f 284/485/314 755/442/560 754/440/558
f 282/486/599 280/487/312 756/444/562
f 282/486/599 756/444/562 755/442/560
f 280/487/312 195/488/247 257/489/246
f 280/487/312 257/489/246 756/444/562
f 756/444/562 257/489/246 255/490/245
f 756/444/562 255/490/245 763/445/563
f 763/445/563 255/490/245 253/491/600
f 763/445/563 253/491/600 770/452/570
f 770/452/570 253/491/600 251/492/243
f 770/452/570 251/492/243 777/459/577
f 777/459/577 251/492/243 249/493/242
f 777/459/577 249/493/242 784/466/584
f 784/466/584 249/493/242 247/494/601
f 784/466/584 247/494/601 791/473/591
f 791/473/591 247/494/601 245/495/240
f 791/473/591 245/495/240 798/480/598
f 798/480/598 245/495/240 191/496/239
f 798/480/598 191/496/239 348/497/462
f 797/479/597 798/480/598 348/497/462
f 797/479/597 348/497/462 346/498/461
f 796/478/596 797/479/597 346/498/461
f 796/478/596 346/498/461 344/499/460
f 795/477/595 796/478/596 344/499/460
f 795/477/595 344/499/460 342/500/459
f 794/476/594 795/477/595 342/500/459
f 794/476/594 342/500/459 340/501/458
f 793/474/592 794/476/594 340/501/458
f 793/474/592 340/501/458 338/502/457
f 792/475/593 793/474/592 338/502/457
f 792/475/593 338/502/457 336/503/456
f 313/263/390 792/475/593 336/503/456
f 313/263/390 336/503/456 197/264/391
f 312/262/389 785/468/586 792/475/593
f 312/262/389 792/475/593 313/263/390
f 311/261/388 778/461/579 785/468/586
f 311/261/388 785/468/586 312/262/389
f 310/260/387 771/454/572 778/461/579
f 310/260/387 778/461/579 311/261/388
f 309/259/386 764/447/565 771/454/572
f 309/259/386 771/454/572 310/260/387
f 308/258/385 757/435/553 764/447/565
f 308/258/385 764/447/565 309/259/386
f 307/257/384 750/432/550 757/435/553
f 307/257/384 757/435/553 308/258/385
f 799/504/602 800/505/603 807/506/604
f 799/504/602 807/506/604 806/507/605
f 800/505/603 801/508/606 808/509/607
f 800/505/603 808/509/607 807/506/604
f 801/508/606 802/510/608 809/511/609
f 801/508/606 809/511/609 808/509/607
f 802/510/608 803/512/610 810/513/611
f 802/510/608 810/513/611 809/511/609
f 803/512/610 804/514/612 811/515/613
f 803/512/610 811/515/613 810/513/611
f 804/514/612 805/516/614 812/517/615
f 804/514/612 812/517/615 811/515/613
f 806/507/605 807/506/604 814/518/616
f 806/507/605 814/518/616 813/519/617
f 807/506/604 808/509/607 815/520/618
f 807/506/604 815/520/618 814/518/616
f 808/509/607 809/511/609 816/521/619
f 808/509/607 816/521/619 815/520/618
f 809/511/609 810/513/611 817/522/620
f 809/511/609 817/522/620 816/521/619
f 810/513/611 811/515/613 818/523/621
f 810/513/611 818/523/621 817/522/620
f 811/515/613 812/517/615 819/524/622
f 811/515/613 819/524/622 818/523/621
f 813/519/617 814/518/616 821/525/623
f 813/519/617 821/525/623 820/526/624
f 814/518/616 815/520/618 822/527/625
f 814/518/616 822/527/625 821/525/623
f 815/520/618 816/521/619 823/528/626
f 815/520/618 823/528/626 822/527/625
f 816/521/619 817/522/620 824/529/627
f 816/521/619 824/529/627 823/528/626
f 817/522/620 818/523/621 825/530/628
f 817/522/620 825/530/628 824/529/627
f 818/523/621 819/524/622 826/531/629
f 818/523/621 826/531/629 825/530/628
f 820/526/624 821/525/623 828/532/630
f 820/526/624 828/532/630 827/533/631
f 821/525/623 822/527/625 829/534/632
f 821/525/623 829/534/632 828/532/630
f 822/527/625 823/528/626 830/535/633
f 822/527/625 830/535/633 829/534/632
f 823/528/626 824/529/627 831/536/634
f 823/528/626 831/536/634 830/535/633
f 824/529/627 825/530/628 832/537/635
f 824/529/627 832/537/635 831/536/634
f 825/530/628 826/531/629 833/538/636
f 825/530/628 833/538/636 832/537/635
f 827/533/631 828/532/630 835/539/637
f 827/533/631 835/539/637 834/540/638
f 828/532/630 829/534/632 836/541/639
f 828/532/630 836/541/639 835/539/637
f 829/534/632 830/535/633 837/542/640
f 829/534/632 837/542/640 836/541/639
f 830/535/633 831/536/634 838/543/641
f 830/535/633 838/543/641 837/542/640
f 831/536/634 832/537/635 839/544/642
f 831/536/634 839/544/642 838/543/641
f 832/537/635 833/538/636 840/545/643
f 832/537/635 840/545/643 839/544/642
f 834/540/638 835/539/637 842/546/644
f 834/540/638 842/546/644 841/547/645
f 835/539/637 836/541/639 843/548/646
f 835/539/637 843/548/646 842/546/644
f 836/541/639 837/542/640 844/549/647
f 836/541/639 844/549/647 843/548/646
f 837/542/640 838/543/641 845/550/648
f 837/542/640 845/550/648 844/549/647
f 838/543/641 839/544/642 846/551/649
f 838/543/641 846/551/649 845/550/648
f 839/544/642 840/545/643 847/552/650
f 839/544/642 847/552/650 846/551/649
f 213/553/651 452/554/652 799/504/602
f 213/553/651 799/504/602 498/555/653
f 452/554/652 450/556/654 800/505/603
f 452/554/652 800/505/603 799/504/602
f 450/556/654 449/557/655 801/508/606
f 450/556/654 801/508/606 800/505/603
f 449/557/655 447/558/656 802/510/608
f 449/557/655 802/510/608 801/508/606
f 447/558/656 445/559/657 803/512/610
f 447/558/656 803/512/610 802/510/608
f 445/559/657 444/560/658 804/514/612
f 445/559/657 804/514/612 803/512/610
f 444/560/658 442/561/659 805/516/614
f 444/560/658 805/516/614 804/514/612
f 442/561/659 207/273/400 384/328/455
f 442/561/659 384/328/455 805/516/614
f 805/516/614 384/328/455 385/350/468
f 805/516/614 385/350/468 812/517/615
f 812/517/615 385/350/468 386/349/467
f 812/517/615 386/349/467 819/524/622
f 819/524/622 386/349/467 387/348/466
f 819/524/622 387/348/466 826/531/629
f 826/531/629 387/348/466 388/347/465
f 826/531/629 388/347/465 833/538/636
f 833/538/636 388/347/465 389/346/464
f 833/538/636 389/346/464 840/545/643
f 840/545/643 389/346/464 390/344/463
f 840/545/643 390/344/463 847/552/650
f 847/552/650 390/344/463 200/345/230
f 847/552/650 200/345/230 361/562/660
f 846/551/649 847/552/650 361/562/660
f 846/551/649 361/562/660 360/563/661
f 845/550/648 846/551/649 360/563/661
f 845/550/648 360/563/661 358/564/662
f 844/549/647 845/550/648 358/564/662
f 844/549/647 358/564/662 356/565/663
f 843/548/646 844/549/647 356/565/663
f 843/548/646 356/565/663 354/566/664
f 842/546/644 843/548/646 354/566/664
f 842/546/644 354/566/664 352/567/665
f 841/547/645 842/546/644 352/567/665
f 841/547/645 352/567/665 350/568/666
f 504/569/667 841/547/645 350/568/666
f 504/569/667 350/568/666 214/570/668
f 503/571/669 834/540/638 841/547/645
f 503/571/669 841/547/645 504/569/667
f 502/572/670 827/533/631 834/540/638
f 502/572/670 834/540/638 503/571/669
f 501/573/671 820/526/624 827/533/631
f 501/573/671 827/533/631 502/572/670
f 500/574/672 813/519/617 820/526/624
f 500/574/672 820/526/624 501/573/671
f 499/575/673 806/507/605 813/519/617
f 499/575/673 813/519/617 500/574/672
f 498/555/653 799/504/602 806/507/605
f 498/555/653 806/507/605 499/575/673
f 848/576/674 849/577/675 856/578/676
f 848/576/674 856/578/676 855/579/677
f 849/577/675 850/580/678 857/581/679
f 849/577/675 857/581/679 856/578/676
f 850/580/678 851/582/680 858/583/681
f 850/580/678 858/583/681 857/581/679
f 851/582/680 852/584/682 859/585/683
f 851/582/680 859/585/683 858/583/681
f 852/584/682 853/586/684 860/587/685
f 852/584/682 860/587/685 859/585/683
f 853/586/684 854/588/686 861/589/687
f 853/586/684 861/589/687 860/587/685
f 855/579/677 856/578/676 863/590/688
f 855/579/677 863/590/688 862/591/689
f 856/578/676 857/581/679 864/592/690
f 856/578/676 864/592/690 863/590/688
f 857/581/679 858/583/681 865/593/691
f 857/581/679 865/593/691 864/592/690
f 858/583/681 859/585/683 866/594/692
f 858/583/681 866/594/692 865/593/691
f 859/585/683 860/587/685 867/595/693
f 859/585/683 867/595/693 866/594/692
f 860/587/685 861/589/687 868/596/694
f 860/587/685 868/596/694 867/595/693
f 862/591/689 863/590/688 870/597/695
f 862/591/689 870/597/695 869/598/696
f 863/590/688 864/592/690 871/599/697
f 863/590/688 871/599/697 870/597/695
f 864/592/690 865/593/691 872/600/698
f 864/592/690 872/600/698 871/599/697
f 865/593/691 866/594/692 873/601/699
f 865/593/691 873/601/699 872/600/698
f 866/594/692 867/595/693 874/602/700
f 866/594/692 874/602/700 873/601/699
f 867/595/693 868/596/694 875/603/701
f 867/595/693 875/603/701 874/602/700
f 869/598/696 870/597/695 877/604/702
f 869/598/696 877/604/702 876/605/703
f 870/597/695 871/599/697 878/606/704
f 870/597/695 878/606/704 877/604/702
f 871/599/697 872/600/698 879/607/705
f 871/599/697 879/607/705 878/606/704
f 872/600/698 873/601/699 880/608/706
f 872/600/698 880/608/706 879/607/705
f 873/601/699 874/602/700 881/609/707
f 873/601/699 881/609/707 880/608/706
f 874/602/700 875/603/701 882/610/708
f 874/602/700 882/610/708 881/609/707
f 876/605/703 877/604/702 884/611/709
f 876/605/703 884/611/709 883/612/710
f 877/604/702 878/606/704 885/613/711
f 877/604/702 885/613/711 884/611/709
f 878/606/704 879/607/705 886/614/712
f 878/606/704 886/614/712 885/613/711
f 879/607/705 880/608/706 887/615/713
f 879/607/705 887/615/713 886/614/712
f 880/608/706 881/609/707 888/616/714
f 880/608/706 888/616/714 887/615/713
f 881/609/707 882/610/708 889/617/715
f 881/609/707 889/617/715 888/616/714
f 883/612/710 884/611/709 891/618/716
f 883/612/710 891/618/716 890/619/717
f 884/611/709 885/613/711 892/620/718
f 884/611/709 892/620/718 891/618/716
f 885/613/711 886/614/712 893/621/719
f 885/613/711 893/621/719 892/620/718
f 886/614/712 887/615/713 894/622/720
f 886/614/712 894/622/720 893/621/719
f 887/615/713 888/616/714 895/623/721
f 887/615/713 895/623/721 894/622/720
f 888/616/714 889/617/715 896/624/722
f 888/616/714 896/624/722 895/623/721
f 210/625/723 440/626/724 848/576/674
f 210/625/723 848/576/674 486/627/725
f 440/626/724 439/628/726 849/577/675
f 440/626/724 849/577/675 848/576/674
f 439/628/726 438/629/727 850/580/678
f 439/628/726 850/580/678 849/577/675
f 438/629/727 437/630/728 851/582/680
f 438/629/727 851/582/680 850/580/678
f 437/630/728 436/631/729 852/584/682
f 437/630/728 852/584/682 851/582/680
f 436/631/729 435/632/730 853/586/684
f 436/631/729 853/586/684 852/584/682
f 435/632/730 434/633/731 854/588/686
f 435/632/730 854/588/686 853/586/684
f 434/633/731 204/634/328 391/635/383
f 434/633/731 391/635/383 854/588/686
f 854/588/686 391/635/383 393/636/405
f 854/588/686 393/636/405 861/589/687
f 861/589/687 393/636/405 395/637/404
f 861/589/687 395/637/404 868/596/694
f 868/596/694 395/637/404 397/638/403
f 868/596/694 397/638/403 875/603/701
f 875/603/701 397/638/403 400/639/402
f 875/603/701 400/639/402 882/610/708
f 882/610/708 400/639/402 401/640/401
f 882/610/708 401/640/401 889/617/715
f 889/617/715 401/640/401 403/641/399
f 889/617/715 403/641/399 896/624/722
f 896/624/722 403/641/399 206/642/400
f 896/624/722 206/642/400 441/643/732
f 895/623/721 896/624/722 441/643/732
f 895/623/721 441/643/732 443/644/658
f 894/622/720 895/623/721 443/644/658
f 894/622/720 443/644/658 446/645/657
f 893/621/719 894/622/720 446/645/657
f 893/621/719 446/645/657 448/646/733
f 892/620/718 893/621/719 448/646/733
f 892/620/718 448/646/733 449/557/655
f 891/618/716 892/620/718 449/557/655
f 891/618/716 449/557/655 450/556/654
f 890/619/717 891/618/716 450/556/654
f 890/619/717 450/556/654 451/647/734
f 496/648/735 890/619/717 451/647/734
f 496/648/735 451/647/734 212/649/736
f 494/650/737 883/612/710 890/619/717
f 494/650/737 890/619/717 496/648/735
f 493/651/738 876/605/703 883/612/710
f 493/651/738 883/612/710 494/650/737
f 492/652/739 869/598/696 876/605/703
f 492/652/739 876/605/703 493/651/738
f 490/653/740 862/591/689 869/598/696
f 490/653/740 869/598/696 492/652/739
f 487/654/741 855/579/677 862/591/689
f 487/654/741 862/591/689 490/653/740
f 486/627/725 848/576/674 855/579/677
f 486/627/725 855/579/677 487/654/741
f 897/655/742 898/656/743 905/657/744
f 897/655/742 905/657/744 904/658/745
f 898/656/743 899/659/746 906/660/747
f 898/656/743 906/660/747 905/657/744
f 899/659/746 900/661/748 907/662/749
f 899/659/746 907/662/749 906/660/747
f 900/661/748 901/663/750 908/664/751
f 900/661/748 908/664/751 907/662/749
f 901/663/750 902/665/752 909/666/753
f 901/663/750 909/666/753 908/664/751
f 902/665/752 903/667/754 910/668/755
f 902/665/752 910/668/755 909/666/753
f 904/658/745 905/657/744 912/669/756
f 904/658/745 912/669/756 911/670/757
f 905/657/744 906/660/747 913/671/758
f 905/657/744 913/671/758 912/669/756
f 906/660/747 907/662/749 914/672/759
f 906/660/747 914/672/759 913/671/758
f 907/662/749 908/664/751 915/673/760
f 907/662/749 915/673/760 914/672/759
f 908/664/751 909/666/753 916/674/761
f 908/664/751 916/674/761 915/673/760
f 909/666/753 910/668/755 917/675/762
f 909/666/753 917/675/762 916/674/761
f 911/670/757 912/669/756 919/676/763
f 911/670/757 919/676/763 918/677/764
f 912/669/756 913/671/758 920/678/765
f 912/669/756 920/678/765 919/676/763
f 913/671/758 914/672/759 921/679/766
f 913/671/758 921/679/766 920/678/765
f 914/672/759 915/673/760 922/680/767
f 914/672/759 922/680/767 921/679/766
f 915/673/760 916/674/761 923/681/768
f 915/673/760 923/681/768 922/680/767
f 916/674/761 917/675/762 924/682/769
f 916/674/761 924/682/769 923/681/768
f 918/677/764 919/676/763 926/683/770
f 918/677/764 926/683/770 925/684/771
f 919/676/763 920/678/765 927/685/772
f 919/676/763 927/685/772 926/683/770
f 920/678/765 921/679/766 928/686/773
f 920/678/765 928/686/773 927/685/772
f 921/679/766 922/680/767 929/687/774
f 921/679/766 929/687/774 928/686/773
f 922/680/767 923/681/768 930/688/775
f 922/680/767 930/688/775 929/687/774
f 923/681/768 924/682/769 931/689/776
f 923/681/768 931/689/776 930/688/775
f 925/684/771 926/683/770 933/690/777
f 925/684/771 933/690/777 932/691/778
f 926/683/770 927/685/772 934/692/779
f 926/683/770 934/692/779 933/690/777
f 927/685/772 928/686/773 935/693/780
f 927/685/772 935/693/780 934/692/779
f 928/686/773 929/687/774 936/694/781
f 928/686/773 936/694/781 935/693/780
f 929/687/774 930/688/775 937/695/782
f 929/687/774 937/695/782 936/694/781
f 930/688/775 931/689/776 938/696/783
f 930/688/775 938/696/783 937/695/782
f 932/691/778 933/690/777 940/697/784
f 932/691/778 940/697/784 939/698/785
f 933/690/777 934/692/779 941/699/786
f 933/690/777 941/699/786 940/697/784
f 934/692/779 935/693/780 942/700/787
f 934/692/779 942/700/787 941/699/786
f 935/693/780 936/694/781 943/701/788
f 935/693/780 943/701/788 942/700/787
f 936/694/781 937/695/782 944/702/789
f 936/694/781 944/702/789 943/701/788
f 937/695/782 938/696/783 945/703/790
f 937/695/782 945/703/790 944/702/789
f 208/704/791 432/705/792 897/655/742
f 208/704/791 897/655/742 474/706/793
f 432/705/792 431/707/794 898/656/743
f 432/705/792 898/656/743 897/655/742
f 431/707/794 430/708/795 899/659/746
f 431/707/794 899/659/746 898/656/743
f 430/708/795 429/709/796 900/661/748
f 430/708/795 900/661/748 899/659/746
f 429/709/796 428/710/797 901/663/750
f 429/709/796 901/663/750 900/661/748
f 428/710/797 426/711/798 902/665/752
f 428/710/797 902/665/752 901/663/750
f 426/711/798 424/712/799 903/667/754
f 426/711/798 903/667/754 902/665/752
f 424/712/799 202/713/256 405/714/311
f 424/712/799 405/714/311 903/667/754
f 903/667/754 405/714/311 407/715/333
f 903/667/754 407/715/333 910/668/755
f 910/668/755 407/715/333 409/205/332
f 910/668/755 409/205/332 917/675/762
f 917/675/762 409/205/332 410/716/331
f 917/675/762 410/716/331 924/682/769
f 924/682/769 410/716/331 413/717/330
f 924/682/769 413/717/330 931/689/776
f 931/689/776 413/717/330 414/718/329
f 931/689/776 414/718/329 938/696/783
f 938/696/783 414/718/329 416/200/327
f 938/696/783 416/200/327 945/703/790
f 945/703/790 416/200/327 204/634/328
f 945/703/790 204/634/328 434/633/731
f 944/702/789 945/703/790 434/633/731
f 944/702/789 434/633/731 435/632/730
f 943/701/788 944/702/789 435/632/730
f 943/701/788 435/632/730 436/631/729
f 942/700/787 943/701/788 436/631/729
f 942/700/787 436/631/729 437/630/728
f 941/699/786 942/700/787 437/630/728
f 941/699/786 437/630/728 438/629/727
f 940/697/784 941/699/786 438/629/727
f 940/697/784 438/629/727 439/628/726
f 939/698/785 940/697/784 439/628/726
f 939/698/785 439/628/726 440/626/724
f 485/719/800 939/698/785 440/626/724
f 485/719/800 440/626/724 210/625/723
f 483/720/801 932/691/778 939/698/785
f 483/720/801 939/698/785 485/719/800
f 481/721/802 925/684/771 932/691/778
f 481/721/802 932/691/778 483/720/801
f 480/722/803 918/677/764 925/684/771
f 480/722/803 925/684/771 481/721/802
f 478/723/804 911/670/757 918/677/764
f 478/723/804 918/677/764 480/722/803
f 475/724/805 904/658/745 911/670/757
f 475/724/805 911/670/757 478/723/804
f 474/706/793 897/655/742 904/658/745
f 474/706/793 904/658/745 475/724/805
f 946/725/806 947/726/807 954/727/808
f 946/725/806 954/727/808 953/728/809
f 947/726/807 948/729/810 955/730/811
f 947/726/807 955/730/811 954/727/808
f 948/729/810 949/731/812 956/732/813
f 948/729/810 956/732/813 955/730/811
f 949/731/812 950/733/814 957/734/815
f 949/731/812 957/734/815 956/732/813
f 950/733/814 951/735/816 958/736/817
f 950/733/814 958/736/817 957/734/815
f 951/735/816 952/737/818 959/738/819
f 951/735/816 959/738/819 958/736/817
f 953/728/809 954/727/808 961/739/820
f 953/728/809 961/739/820 960/740/821
f 954/727/808 955/730/811 962/741/822
f 954/727/808 962/741/822 961/739/820
f 955/730/811 956/732/813 963/742/823
f 955/730/811 963/742/823 962/741/822
f 956/732/813 957/734/815 964/743/824
f 956/732/813 964/743/824 963/742/823
f 957/734/815 958/736/817 965/744/825
f 957/734/815 965/744/825 964/743/824
f 958/736/817 959/738/819 966/745/826
f 958/736/817 966/745/826 965/744/825
f 960/740/821 961/739/820 968/746/827
f 960/740/821 968/746/827 967/747/828
f 961/739/820 962/741/822 969/748/829
f 961/739/820 969/748/829 968/746/827
f 962/741/822 963/742/823 970/749/830
f 962/741/822 970/749/830 969/748/829
f 963/742/823 964/743/824 971/750/831
f 963/742/823 971/750/831 970/749/830
f 964/743/824 965/744/825 972/751/832
f 964/743/824 972/751/832 971/750/831
f 965/744/825 966/745/826 973/752/833
f 965/744/825 973/752/833 972/751/832
f 967/747/828 968/746/827 975/753/834
f 967/747/828 975/753/834 974/754/835
f 968/746/827 969/748/829 976/755/836
f 968/746/827 976/755/836 975/753/834
f 969/748/829 970/749/830 977/756/837
f 969/748/829 977/756/837 976/755/836
f 970/749/830 971/750/831 978/757/838
f 970/749/830 978/757/838 977/756/837
f 971/750/831 972/751/832 979/758/839
f 971/750/831 979/758/839 978/757/838
f 972/751/832 973/752/833 980/759/840
f 972/751/832 980/759/840 979/758/839
f 974/754/835 975/753/834 982/760/841
f 974/754/835 982/760/841 981/761/842
f 975/753/834 976/755/836 983/762/843
f 975/753/834 983/762/843 982/760/841
f 976/755/836 977/756/837 984/763/844
f 976/755/836 984/763/844 983/762/843
f 977/756/837 978/757/838 985/764/845
f 977/756/837 985/764/845 984/763/844
f 978/757/838 979/758/839 986/765/846
f 978/757/838 986/765/846 985/764/845
f 979/758/839 980/759/840 987/766/847
f 979/758/839 987/766/847 986/765/846
f 981/761/842 982/760/841 989/767/848
f 981/761/842 989/767/848 988/768/849
f 982/760/841 983/762/843 990/769/850
f 982/760/841 990/769/850 989/767/848
f 983/762/843 984/763/844 991/770/851
f 983/762/843 991/770/851 990/769/850
f 984/763/844 985/764/845 992/771/852
f 984/763/844 992/771/852 991/770/851
f 985/764/845 986/765/846 993/772/853
f 985/764/845 993/772/853 992/771/852
f 986/765/846 987/766/847 994/773/854
f 986/765/846 994/773/854 993/772/853
f 215/774/855 349/775/666 946/725/806
f 215/774/855 946/725/806 467/776/856
f 349/775/666 351/777/665 947/726/807
f 349/775/666 947/726/807 946/725/806
f 351/777/665 353/778/664 948/729/810
f 351/777/665 948/729/810 947/726/807
f 353/778/664 355/779/857 949/731/812
f 353/778/664 949/731/812 948/729/810
f 355/779/857 357/780/662 950/733/814
f 355/779/857 950/733/814 949/731/812
f 357/780/662 359/781/661 951/735/816
f 357/780/662 951/735/816 950/733/814
f 359/781/661 362/782/858 952/737/818
f 359/781/661 952/737/818 951/735/816
f 362/782/858 201/103/230 417/105/232
f 362/782/858 417/105/232 952/737/818
f 952/737/818 417/105/232 418/134/261
f 952/737/818 418/134/261 959/738/819
f 959/738/819 418/134/261 419/133/260
f 959/738/819 419/133/260 966/745/826
f 966/745/826 419/133/260 420/132/259
f 966/745/826 420/132/259 973/752/833
f 973/752/833 420/132/259 421/131/258
f 973/752/833 421/131/258 980/759/840
f 980/759/840 421/131/258 422/130/257
f 980/759/840 422/130/257 987/766/847
f 987/766/847 422/130/257 423/128/255
f 987/766/847 423/128/255 994/773/854
f 994/773/854 423/128/255 203/129/256
f 994/773/854 203/129/256 425/783/799
f 993/772/853 994/773/854 425/783/799
f 993/772/853 425/783/799 426/711/798
f 992/771/852 993/772/853 426/711/798
f 992/771/852 426/711/798 427/784/859
f 991/770/851 992/771/852 427/784/859
f 991/770/851 427/784/859 429/709/796
f 990/769/850 991/770/851 429/709/796
f 990/769/850 429/709/796 430/708/795
f 989/767/848 990/769/850 430/708/795
f 989/767/848 430/708/795 431/707/794
f 988/768/849 989/767/848 431/707/794
f 988/768/849 431/707/794 433/785/792
f 473/786/860 988/768/849 433/785/792
f 473/786/860 433/785/792 209/787/791
f 472/788/861 981/761/842 988/768/849
f 472/788/861 988/768/849 473/786/860
f 471/789/862 974/754/835 981/761/842
f 471/789/862 981/761/842 472/788/861
f 470/790/863 967/747/828 974/754/835
f 470/790/863 974/754/835 471/789/862
f 469/791/864 960/740/821 967/747/828
f 469/791/864 967/747/828 470/790/863
f 468/792/865 953/728/809 960/740/821
f 468/792/865 960/740/821 469/791/864
f 467/776/856 946/725/806 953/728/809
f 467/776/856 953/728/809 468/792/865
f 995/793/866 996/794/867 1003/795/868
f 995/793/866 1003/795/868 1002/796/869
f 996/794/867 997/797/870 1004/798/871
f 996/794/867 1004/798/871 1003/795/868
f 997/797/870 998/799/872 1005/800/873
f 997/797/870 1005/800/873 1004/798/871
f 998/799/872 999/801/874 1006/802/875
f 998/799/872 1006/802/875 1005/800/873
f 999/801/874 1000/803/876 1007/804/877
f 999/801/874 1007/804/877 1006/802/875
f 1000/803/876 1001/805/878 1008/806/879
f 1000/803/876 1008/806/879 1007/804/877
f 1002/796/869 1003/795/868 1010/807/880
f 1002/796/869 1010/807/880 1009/808/881
f 1003/795/868 1004/798/871 1011/809/882
f 1003/795/868 1011/809/882 1010/807/880
f 1004/798/871 1005/800/873 1012/810/883
f 1004/798/871 1012/810/883 1011/809/882
f 1005/800/873 1006/802/875 1013/811/884
f 1005/800/873 1013/811/884 1012/810/883
f 1006/802/875 1007/804/877 1014/812/885
f 1006/802/875 1014/812/885 1013/811/884
f 1007/804/877 1008/806/879 1015/813/886
f 1007/804/877 1015/813/886 1014/812/885
f 1009/808/881 1010/807/880 1017/814/887
f 1009/808/881 1017/814/887 1016/815/888
f 1010/807/880 1011/809/882 1018/816/889
f 1010/807/880 1018/816/889 1017/814/887
f 1011/809/882 1012/810/883 1019/817/890
f 1011/809/882 1019/817/890 1018/816/889
f 1012/810/883 1013/811/884 1020/818/891
f 1012/810/883 1020/818/891 1019/817/890
f 1013/811/884 1014/812/885 1021/819/892
f 1013/811/884 1021/819/892 1020/818/891
f 1014/812/885 1015/813/886 1022/820/893
f 1014/812/885 1022/820/893 1021/819/892
f 1016/815/888 1017/814/887 1024/821/894
f 1016/815/888 1024/821/894 1023/822/895
f 1017/814/887 1018/816/889 1025/823/896
f 1017/814/887 1025/823/896 1024/821/894
f 1018/816/889 1019/817/890 1026/824/897
f 1018/816/889 1026/824/897 1025/823/896
f 1019/817/890 1020/818/891 1027/825/898
f 1019/817/890 1027/825/898 1026/824/897
f 1020/818/891 1021/819/892 1028/826/899
f 1020/818/891 1028/826/899 1027/825/898
f 1021/819/892 1022/820/893 1029/827/900
f 1021/819/892 1029/827/900 1028/826/899
f 1023/822/895 1024/821/894 1031/828/901
f 1023/822/895 1031/828/901 1030/829/902
f 1024/821/894 1025/823/896 1032/830/903
f 1024/821/894 1032/830/903 1031/828/901
f 1025/823/896 1026/824/897 1033/831/904
f 1025/823/896 1033/831/904 1032/830/903
f 1026/824/897 1027/825/898 1034/832/905
f 1026/824/897 1034/832/905 1033/831/904
f 1027/825/898 1028/826/899 1035/833/906
f 1027/825/898 1035/833/906 1034/832/905
f 1028/826/899 1029/827/900 1036/834/907
f 1028/826/899 1036/834/907 1035/833/906
f 1030/829/902 1031/828/901 1038/835/908
f 1030/829/902 1038/835/908 1037/836/909
f 1031/828/901 1032/830/903 1039/837/910
f 1031/828/901 1039/837/910 1038/835/908
f 1032/830/903 1033/831/904 1040/838/911
f 1032/830/903 1040/838/911 1039/837/910
f 1033/831/904 1034/832/905 1041/839/912
f 1033/831/904 1041/839/912 1040/838/911
f 1034/832/905 1035/833/906 1042/840/913
f 1034/832/905 1042/840/913 1041/839/912
f 1035/833/906 1036/834/907 1043/841/914
f 1035/833/906 1043/841/914 1042/840/913
f 187/842/915 453/843/916 995/793/866
f 187/842/915 995/793/866 229/844/543
f 453/843/916 455/845/917 996/794/867
f 453/843/916 996/794/867 995/793/866
f 455/845/917 457/846/918 997/797/870
f 455/845/917 997/797/870 996/794/867
f 457/846/918 459/847/919 998/799/872
f 457/846/918 998/799/872 997/797/870
f 459/847/919 461/848/920 999/801/874
f 459/847/919 999/801/874 998/799/872
f 461/848/920 463/849/921 1000/803/876
f 461/848/920 1000/803/876 999/801/874
f 463/849/921 466/850/922 1001/805/878
f 463/849/921 1001/805/878 1000/803/876
f 466/850/922 215/774/855 467/776/856
f 466/850/922 467/776/856 1001/805/878
f 1001/805/878 467/776/856 468/792/865
f 1001/805/878 468/792/865 1008/806/879
f 1008/806/879 468/792/865 469/791/864
f 1008/806/879 469/791/864 1015/813/886
f 1015/813/886 469/791/864 470/790/863
f 1015/813/886 470/790/863 1022/820/893
f 1022/820/893 470/790/863 471/789/862
f 1022/820/893 471/789/862 1029/827/900
f 1029/827/900 471/789/862 472/788/861
f 1029/827/900 472/788/861 1036/834/907
f 1036/834/907 472/788/861 473/786/860
f 1036/834/907 473/786/860 1043/841/914
f 1043/841/914 473/786/860 209/787/791
f 1043/841/914 209/787/791 258/851/923
f 1042/840/913 1043/841/914 258/851/923
f 1042/840/913 258/851/923 259/852/924
f 1041/839/912 1042/840/913 259/852/924
f 1041/839/912 259/852/924 260/853/925
f 1040/838/911 1041/839/912 260/853/925
f 1040/838/911 260/853/925 261/854/926
f 1039/837/910 1040/838/911 261/854/926
f 1039/837/910 261/854/926 262/855/927
f 1038/835/908 1039/837/910 262/855/927
f 1038/835/908 262/855/927 263/856/928
f 1037/836/909 1038/835/908 263/856/928
f 1037/836/909 263/856/928 264/857/929
f 217/858/520 1037/836/909 264/857/929
f 217/858/520 264/857/929 193/859/930
f 219/860/549 1030/829/902 1037/836/909
f 219/860/549 1037/836/909 217/858/520
f 221/861/548 1023/822/895 1030/829/902
f 221/861/548 1030/829/902 219/860/549
f 223/862/547 1016/815/888 1023/822/895
f 223/862/547 1023/822/895 221/861/548
f 225/863/546 1009/808/881 1016/815/888
f 225/863/546 1016/815/888 223/862/547
f 227/864/545 1002/796/869 1009/808/881
f 227/864/545 1009/808/881 225/863/546
f 229/844/543 995/793/866 1002/796/869
f 229/844/543 1002/796/869 227/864/545
f 1044/865/931 1045/866/932 1052/867/933
f 1044/865/931 1052/867/933 1051/868/934
f 1045/866/932 1046/869/935 1053/870/936
f 1045/866/932 1053/870/936 1052/867/933
f 1046/869/935 1047/871/937 1054/872/938
f 1046/869/935 1054/872/938 1053/870/936
f 1047/871/937 1048/873/939 1055/874/940
f 1047/871/937 1055/874/940 1054/872/938
f 1048/873/939 1049/875/941 1056/876/942
f 1048/873/939 1056/876/942 1055/874/940
f 1049/875/941 1050/877/943 1057/878/944
f 1049/875/941 1057/878/944 1056/876/942
f 1051/868/934 1052/867/933 1059/879/945
f 1051/868/934 1059/879/945 1058/880/946
f 1052/867/933 1053/870/936 1060/881/947
f 1052/867/933 1060/881/947 1059/879/945
f 1053/870/936 1054/872/938 1061/882/948
f 1053/870/936 1061/882/948 1060/881/947
f 1054/872/938 1055/874/940 1062/883/949
f 1054/872/938 1062/883/949 1061/882/948
f 1055/874/940 1056/876/942 1063/884/950
f 1055/874/940 1063/884/950 1062/883/949
f 1056/876/942 1057/878/944 1064/885/951
f 1056/876/942 1064/885/951 1063/884/950
f 1058/880/946 1059/879/945 1066/886/952
f 1058/880/946 1066/886/952 1065/887/953
f 1059/879/945 1060/881/947 1067/888/954
f 1059/879/945 1067/888/954 1066/886/952
f 1060/881/947 1061/882/948 1068/889/955
f 1060/881/947 1068/889/955 1067/888/954
f 1061/882/948 1062/883/949 1069/890/956
f 1061/882/948 1069/890/956 1068/889/955
f 1062/883/949 1063/884/950 1070/891/957
f 1062/883/949 1070/891/957 1069/890/956
f 1063/884/950 1064/885/951 1071/892/958
f 1063/884/950 1071/892/958 1070/891/957
f 1065/887/953 1066/886/952 1073/893/959
f 1065/887/953 1073/893/959 1072/894/960
f 1066/886/952 1067/888/954 1074/895/961
f 1066/886/952 1074/895/961 1073/893/959
f 1067/888/954 1068/889/955 1075/896/962
f 1067/888/954 1075/896/962 1074/895/961
f 1068/889/955 1069/890/956 1076/897/963
f 1068/889/955 1076/897/963 1075/896/962
f 1069/890/956 1070/891/957 1077/898/964
f 1069/890/956 1077/898/964 1076/897/963
f 1070/891/957 1071/892/958 1078/899/965
f 1070/891/957 1078/899/965 1077/898/964
f 1072/894/960 1073/893/959 1080/900/966
f 1072/894/960 1080/900/966 1079/901/967
f 1073/893/959 1074/895/961 1081/902/968
f 1073/893/959 1081/902/968 1080/900/966
f 1074/895/961 1075/896/962 1082/903/969
f 1074/895/961 1082/903/969 1081/902/968
f 1075/896/962 1076/897/963 1083/904/970
f 1075/896/962 1083/904/970 1082/903/969
f 1076/897/963 1077/898/964 1084/905/971
f 1076/897/963 1084/905/971 1083/904/970
f 1077/898/964 1078/899/965 1085/906/972
f 1077/898/964 1085/906/972 1084/905/971
f 1079/901/967 1080/900/966 1087/907/973
f 1079/901/967 1087/907/973 1086/908/974
f 1080/900/966 1081/902/968 1088/909/975
f 1080/900/966 1088/909/975 1087/907/973
f 1081/902/968 1082/903/969 1089/910/976
f 1081/902/968 1089/910/976 1088/909/975
f 1082/903/969 1083/904/970 1090/911/977
f 1082/903/969 1090/911/977 1089/910/976
f 1083/904/970 1084/905/971 1091/912/978
f 1083/904/970 1091/912/978 1090/911/977
f 1084/905/971 1085/906/972 1092/913/979
f 1084/905/971 1092/913/979 1091/912/978
f 193/859/930 264/857/929 1044/865/931
f 193/859/930 1044/865/931 278/914/519
f 264/857/929 263/856/928 1045/866/932
f 264/857/929 1045/866/932 1044/865/931
f 263/856/928 262/855/927 1046/869/935
f 263/856/928 1046/869/935 1045/866/932
f 262/855/927 261/854/926 1047/871/937
f 262/855/927 1047/871/937 1046/869/935
f 261/854/926 260/853/925 1048/873/939
f 261/854/926 1048/873/939 1047/871/937
f 260/853/925 259/852/924 1049/875/941
f 260/853/925 1049/875/941 1048/873/939
f 259/852/924 258/851/923 1050/877/943
f 259/852/924 1050/877/943 1049/875/941
f 258/851/923 209/787/791 474/706/793
f 258/851/923 474/706/793 1050/877/943
f 1050/877/943 474/706/793 476/915/805
f 1050/877/943 476/915/805 1057/878/944
f 1057/878/944 476/915/805 477/916/804
f 1057/878/944 477/916/804 1064/885/951
f 1064/885/951 477/916/804 479/917/803
f 1064/885/951 479/917/803 1071/892/958
f 1071/892/958 479/917/803 482/918/802
f 1071/892/958 482/918/802 1078/899/965
f 1078/899/965 482/918/802 484/919/801
f 1078/899/965 484/919/801 1085/906/972
f 1085/906/972 484/919/801 485/719/800
f 1085/906/972 485/719/800 1092/913/979
f 1092/913/979 485/719/800 211/920/723
f 1092/913/979 211/920/723 293/921/980
f 1091/912/978 1092/913/979 293/921/980
f 1091/912/978 293/921/980 294/922/981
f 1090/911/977 1091/912/978 294/922/981
f 1090/911/977 294/922/981 295/923/982
f 1089/910/976 1090/911/977 295/923/982
f 1089/910/976 295/923/982 296/924/983
f 1088/909/975 1089/910/976 296/924/983
f 1088/909/975 296/924/983 297/925/984
f 1087/907/973 1088/909/975 297/925/984
f 1087/907/973 297/925/984 298/926/985
f 1086/908/974 1087/907/973 298/926/985
f 1086/908/974 298/926/985 299/927/986
f 266/928/526 1086/908/974 299/927/986
f 266/928/526 299/927/986 198/409/527
f 268/929/525 1079/901/967 1086/908/974
f 268/929/525 1086/908/974 266/928/526
f 270/930/524 1072/894/960 1079/901/967
f 270/930/524 1079/901/967 268/929/525
f 272/931/523 1065/887/953 1072/894/960
f 272/931/523 1072/894/960 270/930/524
f 274/932/522 1058/880/946 1065/887/953
f 274/932/522 1065/887/953 272/931/523
f 276/933/521 1051/868/934 1058/880/946
f 276/933/521 1058/880/946 274/932/522
f 278/914/519 1044/865/931 1051/868/934
f 278/914/519 1051/868/934 276/933/521
f 1093/934/987 1094/935/988 1101/936/989
f 1093/934/987 1101/936/989 1100/937/990
f 1094/935/988 1095/938/991 1102/939/992
f 1094/935/988 1102/939/992 1101/936/989
f 1095/938/991 1096/940/993 1103/941/994
f 1095/938/991 1103/941/994 1102/939/992
f 1096/940/993 1097/942/995 1104/943/996
f 1096/940/993 1104/943/996 1103/941/994
f 1097/942/995 1098/944/997 1105/945/998
f 1097/942/995 1105/945/998 1104/943/996
f 1098/944/997 1099/946/999 1106/947/1000
f 1098/944/997 1106/947/1000 1105/945/998
f 1100/937/990 1101/936/989 1108/948/1001
f 1100/937/990 1108/948/1001 1107/949/1002
f 1101/936/989 1102/939/992 1109/950/1003
f 1101/936/989 1109/950/1003 1108/948/1001
f 1102/939/992 1103/941/994 1110/951/1004
f 1102/939/992 1110/951/1004 1109/950/1003
f 1103/941/994 1104/943/996 1111/952/1005
f 1103/941/994 1111/952/1005 1110/951/1004
f 1104/943/996 1105/945/998 1112/953/1006
f 1104/943/996 1112/953/1006 1111/952/1005
f 1105/945/998 1106/947/1000 1113/954/1007
f 1105/945/998 1113/954/1007 1112/953/1006
f 1107/949/1002 1108/948/1001 1115/955/1008
f 1107/949/1002 1115/955/1008 1114/956/1009
f 1108/948/1001 1109/950/1003 1116/957/1010
f 1108/948/1001 1116/957/1010 1115/955/1008
f 1109/950/1003 1110/951/1004 1117/958/1011
f 1109/950/1003 1117/958/1011 1116/957/1010
f 1110/951/1004 1111/952/1005 1118/959/1012
f 1110/951/1004 1118/959/1012 1117/958/1011
f 1111/952/1005 1112/953/1006 1119/960/1013
f 1111/952/1005 1119/960/1013 1118/959/1012
f 1112/953/1006 1113/954/1007 1120/961/1014
f 1112/953/1006 1120/961/1014 1119/960/1013
f 1114/956/1009 1115/955/1008 1122/962/1015
f 1114/956/1009 1122/962/1015 1121/963/1016
f 1115/955/1008 1116/957/1010 1123/964/1017
f 1115/955/1008 1123/964/1017 1122/962/1015
f 1116/957/1010 1117/958/1011 1124/965/1018
f 1116/957/1010 1124/965/1018 1123/964/1017
f 1117/958/1011 1118/959/1012 1125/966/1019
f 1117/958/1011 1125/966/1019 1124/965/1018
f 1118/959/1012 1119/960/1013 1126/967/1020
f 1118/959/1012 1126/967/1020 1125/966/1019
f 1119/960/1013 1120/961/1014 1127/968/1021
f 1119/960/1013 1127/968/1021 1126/967/1020
f 1121/963/1016 1122/962/1015 1129/969/1022
f 1121/963/1016 1129/969/1022 1128/970/1023
f 1122/962/1015 1123/964/1017 1130/971/1024
f 1122/962/1015 1130/971/1024 1129/969/1022
f 1123/964/1017 1124/965/1018 1131/972/1025
f 1123/964/1017 1131/972/1025 1130/971/1024
f 1124/965/1018 1125/966/1019 1132/973/1026
f 1124/965/1018 1132/973/1026 1131/972/1025
f 1125/966/1019 1126/967/1020 1133/974/1027
f 1125/966/1019 1133/974/1027 1132/973/1026
f 1126/967/1020 1127/968/1021 1134/975/1028
f 1126/967/1020 1134/975/1028 1133/974/1027
f 1128/970/1023 1129/969/1022 1136/976/1029
f 1128/970/1023 1136/976/1029 1135/977/1030
f 1129/969/1022 1130/971/1024 1137/978/1031
f 1129/969/1022 1137/978/1031 1136/976/1029
f 1130/971/1024 1131/972/1025 1138/979/1032
f 1130/971/1024 1138/979/1032 1137/978/1031
f 1131/972/1025 1132/973/1026 1139/980/1033
f 1131/972/1025 1139/980/1033 1138/979/1032
f 1132/973/1026 1133/974/1027 1140/981/1034
f 1132/973/1026 1140/981/1034 1139/980/1033
f 1133/974/1027 1134/975/1028 1141/982/1035
f 1133/974/1027 1141/982/1035 1140/981/1034
f 198/409/527 299/927/986 1093/934/987
f 198/409/527 1093/934/987 306/410/528
f 299/927/986 298/926/985 1094/935/988
f 299/927/986 1094/935/988 1093/934/987
f 298/926/985 297/925/984 1095/938/991
f 298/926/985 1095/938/991 1094/935/988
f 297/925/984 296/924/983 1096/940/993
f 297/925/984 1096/940/993 1095/938/991
f 296/924/983 295/923/982 1097/942/995
f 296/924/983 1097/942/995 1096/940/993
f 295/923/982 294/922/981 1098/944/997
f 295/923/982 1098/944/997 1097/942/995
f 294/922/981 293/921/980 1099/946/999
f 294/922/981 1099/946/999 1098/944/997
f 293/921/980 211/920/723 486/627/725
f 293/921/980 486/627/725 1099/946/999
f 1099/946/999 486/627/725 488/983/1036
f 1099/946/999 488/983/1036 1106/947/1000
f 1106/947/1000 488/983/1036 489/984/1037
f 1106/947/1000 489/984/1037 1113/954/1007
f 1113/954/1007 489/984/1037 491/985/739
f 1113/954/1007 491/985/739 1120/961/1014
f 1120/961/1014 491/985/739 493/651/738
f 1120/961/1014 493/651/738 1127/968/1021
f 1127/968/1021 493/651/738 495/986/737
f 1127/968/1021 495/986/737 1134/975/1028
f 1134/975/1028 495/986/737 497/987/735
f 1134/975/1028 497/987/735 1141/982/1035
f 1141/982/1035 497/987/735 213/553/651
f 1141/982/1035 213/553/651 314/988/1038
f 1140/981/1034 1141/982/1035 314/988/1038
f 1140/981/1034 314/988/1038 315/989/1039
f 1139/980/1033 1140/981/1034 315/989/1039
f 1139/980/1033 315/989/1039 316/990/1040
f 1138/979/1032 1139/980/1033 316/990/1040
f 1138/979/1032 316/990/1040 317/991/1041
f 1137/978/1031 1138/979/1032 317/991/1041
f 1137/978/1031 317/991/1041 318/992/1042
f 1136/976/1029 1137/978/1031 318/992/1042
f 1136/976/1029 318/992/1042 319/993/1043
f 1135/977/1030 1136/976/1029 319/993/1043
f 1135/977/1030 319/993/1043 320/994/1044
f 300/416/534 1135/977/1030 320/994/1044
f 300/416/534 320/994/1044 196/417/535
f 301/415/533 1128/970/1023 1135/977/1030
f 301/415/533 1135/977/1030 300/416/534
f 302/414/532 1121/963/1016 1128/970/1023
f 302/414/532 1128/970/1023 301/415/533
f 303/413/531 1114/956/1009 1121/963/1016
f 303/413/531 1121/963/1016 302/414/532
f 304/412/530 1107/949/1002 1114/956/1009
f 304/412/530 1114/956/1009 303/413/531
f 305/411/529 1100/937/990 1107/949/1002
f 305/411/529 1107/949/1002 304/412/530
f 306/410/528 1093/934/987 1100/937/990
f 306/410/528 1100/937/990 305/411/529
f 1142/995/1045 1143/996/1046 1150/997/1047
f 1142/995/1045 1150/997/1047 1149/998/1048
f 1143/996/1046 1144/999/1049 1151/1000/1050
f 1143/996/1046 1151/1000/1050 1150/997/1047
f 1144/999/1049 1145/1001/1051 1152/1002/1052
f 1144/999/1049 1152/1002/1052 1151/1000/1050
f 1145/1001/1051 1146/1003/1053 1153/1004/1054
f 1145/1001/1051 1153/1004/1054 1152/1002/1052
f 1146/1003/1053 1147/1005/1055 1154/1006/1056
f 1146/1003/1053 1154/1006/1056 1153/1004/1054
f 1147/1005/1055 1148/1007/1057 1155/1008/1058
f 1147/1005/1055 1155/1008/1058 1154/1006/1056
f 1149/998/1048 1150/997/1047 1157/1009/1059
f 1149/998/1048 1157/1009/1059 1156/1010/1060
f 1150/997/1047 1151/1000/1050 1158/1011/1061
f 1150/997/1047 1158/1011/1061 1157/1009/1059
f 1151/1000/1050 1152/1002/1052 1159/1012/1062
f 1151/1000/1050 1159/1012/1062 1158/1011/1061
f 1152/1002/1052 1153/1004/1054 1160/1013/1063
f 1152/1002/1052 1160/1013/1063 1159/1012/1062
f 1153/1004/1054 1154/1006/1056 1161/1014/1064
f 1153/1004/1054 1161/1014/1064 1160/1013/1063
f 1154/1006/1056 1155/1008/1058 1162/1015/1065
f 1154/1006/1056 1162/1015/1065 1161/1014/1064
f 1156/1010/1060 1157/1009/1059 1164/1016/1066
f 1156/1010/1060 1164/1016/1066 1163/1017/1067
f 1157/1009/1059 1158/1011/1061 1165/1018/1068
f 1157/1009/1059 1165/1018/1068 1164/1016/1066
f 1158/1011/1061 1159/1012/1062 1166/1019/1069
f 1158/1011/1061 1166/1019/1069 1165/1018/1068
f 1159/1012/1062 1160/1013/1063 1167/1020/1070
f 1159/1012/1062 1167/1020/1070 1166/1019/1069
f 1160/1013/1063 1161/1014/1064 1168/1021/1071
f 1160/1013/1063 1168/1021/1071 1167/1020/1070
f 1161/1014/1064 1162/1015/1065 1169/1022/1072
f 1161/1014/1064 1169/1022/1072 1168/1021/1071
f 1163/1017/1067 1164/1016/1066 1171/1023/1073
f 1163/1017/1067 1171/1023/1073 1170/1024/1074
f 1164/1016/1066 1165/1018/1068 1172/1025/1075
f 1164/1016/1066 1172/1025/1075 1171/1023/1073
f 1165/1018/1068 1166/1019/1069 1173/1026/1076
f 1165/1018/1068 1173/1026/1076 1172/1025/1075
f 1166/1019/1069 1167/1020/1070 1174/1027/1077
f 1166/1019/1069 1174/1027/1077 1173/1026/1076
f 1167/1020/1070 1168/1021/1071 1175/1028/1078
f 1167/1020/1070 1175/1028/1078 1174/1027/1077
f 1168/1021/1071 1169/1022/1072 1176/1029/1079
f 1168/1021/1071 1176/1029/1079 1175/1028/1078
f 1170/1024/1074 1171/1023/1073 1178/1030/1080
f 1170/1024/1074 1178/1030/1080 1177/1031/1081
f 1171/1023/1073 1172/1025/1075 1179/1032/1082
f 1171/1023/1073 1179/1032/1082 1178/1030/1080
f 1172/1025/1075 1173/1026/1076 1180/1033/1083
f 1172/1025/1075 1180/1033/1083 1179/1032/1082
f 1173/1026/1076 1174/1027/1077 1181/1034/1084
f 1173/1026/1076 1181/1034/1084 1180/1033/1083
f 1174/1027/1077 1175/1028/1078 1182/1035/1085
f 1174/1027/1077 1182/1035/1085 1181/1034/1084
f 1175/1028/1078 1176/1029/1079 1183/1036/1086
f 1175/1028/1078 1183/1036/1086 1182/1035/1085
f 1177/1031/1081 1178/1030/1080 1185/1037/1087
f 1177/1031/1081 1185/1037/1087 1184/1038/1088
f 1178/1030/1080 1179/1032/1082 1186/1039/1089
f 1178/1030/1080 1186/1039/1089 1185/1037/1087
f 1179/1032/1082 1180/1033/1083 1187/1040/1090
f 1179/1032/1082 1187/1040/1090 1186/1039/1089
f 1180/1033/1083 1181/1034/1084 1188/1041/1091
f 1180/1033/1083 1188/1041/1091 1187/1040/1090
f 1181/1034/1084 1182/1035/1085 1189/1042/1092
f 1181/1034/1084 1189/1042/1092 1188/1041/1091
f 1182/1035/1085 1183/1036/1086 1190/1043/1093
f 1182/1035/1085 1190/1043/1093 1189/1042/1092
f 196/417/535 320/994/1044 1142/995/1045
f 196/417/535 1142/995/1045 334/1044/536
f 320/994/1044 319/993/1043 1143/996/1046
f 320/994/1044 1143/996/1046 1142/995/1045
f 319/993/1043 318/992/1042 1144/999/1049
f 319/993/1043 1144/999/1049 1143/996/1046
f 318/992/1042 317/991/1041 1145/1001/1051
f 318/992/1042 1145/1001/1051 1144/999/1049
f 317/991/1041 316/990/1040 1146/1003/1053
f 317/991/1041 1146/1003/1053 1145/1001/1051
f 316/990/1040 315/989/1039 1147/1005/1055
f 316/990/1040 1147/1005/1055 1146/1003/1053
f 315/989/1039 314/988/1038 1148/1007/1057
f 315/989/1039 1148/1007/1057 1147/1005/1055
f 314/988/1038 213/553/651 498/555/653
f 314/988/1038 498/555/653 1148/1007/1057
f 1148/1007/1057 498/555/653 499/575/673
f 1148/1007/1057 499/575/673 1155/1008/1058
f 1155/1008/1058 499/575/673 500/574/672
f 1155/1008/1058 500/574/672 1162/1015/1065
f 1162/1015/1065 500/574/672 501/573/671
f 1162/1015/1065 501/573/671 1169/1022/1072
f 1169/1022/1072 501/573/671 502/572/670
f 1169/1022/1072 502/572/670 1176/1029/1079
f 1176/1029/1079 502/572/670 503/571/669
f 1176/1029/1079 503/571/669 1183/1036/1086
f 1183/1036/1086 503/571/669 504/569/667
f 1183/1036/1086 504/569/667 1190/1043/1093
f 1190/1043/1093 504/569/667 214/570/668
f 1190/1043/1093 214/570/668 465/1045/922
f 1189/1042/1092 1190/1043/1093 465/1045/922
f 1189/1042/1092 465/1045/922 464/1046/1094
f 1188/1041/1091 1189/1042/1092 464/1046/1094
f 1188/1041/1091 464/1046/1094 462/1047/920
f 1187/1040/1090 1188/1041/1091 462/1047/920
f 1187/1040/1090 462/1047/920 460/1048/919
f 1186/1039/1089 1187/1040/1090 460/1048/919
f 1186/1039/1089 460/1048/919 458/1049/918
f 1185/1037/1087 1186/1039/1089 458/1049/918
f 1185/1037/1087 458/1049/918 456/1050/917
f 1184/1038/1088 1185/1037/1087 456/1050/917
f 1184/1038/1088 456/1050/917 454/1051/916
f 322/1052/542 1184/1038/1088 454/1051/916
f 322/1052/542 454/1051/916 188/1053/915
f 324/1054/541 1177/1031/1081 1184/1038/1088
f 324/1054/541 1184/1038/1088 322/1052/542
f 326/1055/540 1170/1024/1074 1177/1031/1081
f 326/1055/540 1177/1031/1081 324/1054/541
f 328/1056/539 1163/1017/1067 1170/1024/1074
f 328/1056/539 1170/1024/1074 326/1055/540
f 330/1057/1095 1156/1010/1060 1163/1017/1067
f 330/1057/1095 1163/1017/1067 328/1056/539
f 332/1058/537 1149/998/1048 1156/1010/1060
f 332/1058/537 1156/1010/1060 330/1057/1095
f 334/1044/536 1142/995/1045 1149/998/1048
f 334/1044/536 1149/998/1048 332/1058/537
o Body_Mesh.001
v 0.051553 0.079118 0.007670
v 0.051839 0.090077 0.006438
v 0.044783 0.079169 -0.011252
v 0.044937 0.079112 0.026597
v 0.044504 0.069068 -0.015803
v 0.050996 0.069030 0.003828
v 0.044516 0.069032 0.023072
v 0.048872 0.030572 -0.010821
v 0.043437 0.030560 -0.033156
v 0.048690 0.027268 -0.012079
v 0.043346 0.027252 -0.034647
v 0.029793 0.030889 -0.043516
v 0.029886 0.027589 -0.045121
v 0.015885 0.030562 -0.034117
v 0.028703 0.069302 -0.024834
v 0.013687 0.069008 -0.015080
v 0.028417 0.079378 -0.019934
v 0.027423 0.089574 -0.019981
v 0.013110 0.079092 -0.010086
v 0.044045 0.090305 -0.012306
v 0.053201 0.142188 0.000578
v 0.040538 0.143258 -0.017317
v 0.022694 0.138057 -0.020209
v 0.039792 0.154505 -0.018381
v 0.053490 0.153256 -0.000667
v 0.039667 0.153059 0.019564
v 0.054250 0.161736 -0.001143
v 0.041313 0.160941 -0.032742
v 0.040454 0.142020 0.020614
v 0.021168 0.136973 0.024746
v 0.027556 0.089159 0.032899
v 0.044158 0.090043 0.025557
v 0.028900 0.079103 0.034613
v 0.012561 0.079072 0.027149
v 0.028886 0.069056 0.031145
v 0.042910 0.030607 0.009636
v 0.028833 0.030753 0.017924
v 0.013071 0.069001 0.023305
v 0.015012 0.030607 0.008650
v 0.015179 0.027309 0.010416
v 0.028829 0.027462 0.019813
v 0.009561 0.017393 0.030145
v 0.029041 0.017574 0.039485
v 0.010918 -0.000057 0.029387
v 0.028928 0.000271 0.025759
v 0.029049 0.000193 0.038287
v 0.049208 0.017596 0.031501
v 0.047483 -0.000023 0.030467
v 0.051996 0.017605 -0.012081
v 0.052230 -0.000037 -0.012105
v 0.046105 -0.000093 -0.034837
v 0.030472 -0.000037 -0.015309
v 0.046008 0.017641 -0.036668
v 0.030214 0.017620 -0.045327
v 0.030232 0.000182 -0.043703
v 0.014109 0.017639 -0.037769
v 0.016074 0.027259 -0.035752
v 0.014216 0.000110 -0.035782
v 0.030600 -0.000121 -0.032027
v 0.014216 0.000110 -0.035782
v 0.007169 0.000069 -0.013651
v 0.006935 0.017672 -0.013665
v 0.014109 0.017639 -0.037769
v 0.009607 0.027342 -0.013665
v 0.016074 0.027259 -0.035752
v 0.009348 0.030639 -0.012268
v 0.015885 0.030562 -0.034117
v 0.013687 0.069008 -0.015080
v 0.006328 0.069017 0.004002
v 0.013110 0.079092 -0.010086
v 0.005228 0.086950 0.007223
v 0.005536 0.079083 0.008270
v 0.012523 0.088228 -0.011071
v 0.003762 0.124355 0.002243
v 0.009733 0.131669 -0.015754
v 0.003451 0.132300 0.001185
v 0.009141 0.140896 -0.016749
v -0.000070 0.130685 0.001209
v -0.000070 0.147082 -0.020445
v -0.009282 0.140896 -0.016749
v -0.003592 0.132300 0.001185
v -0.009874 0.131669 -0.015754
v -0.003903 0.124355 0.002243
v -0.012664 0.088228 -0.011071
v -0.013251 0.079092 -0.010086
v -0.005369 0.086950 0.007223
v -0.005677 0.079083 0.008270
v -0.012769 0.088438 0.025843
v -0.013087 0.132970 0.019633
v -0.013154 0.142429 0.018314
v -0.000070 0.146123 0.022234
v 0.013013 0.142429 0.018314
v 0.012946 0.132970 0.019633
v 0.012628 0.088438 0.025843
v 0.012561 0.079072 0.027149
v 0.013071 0.069001 0.023305
v 0.015012 0.030607 0.008650
v 0.015179 0.027309 0.010416
v 0.009561 0.017393 0.030145
v 0.010918 -0.000057 0.029387
v -0.012702 0.079072 0.027149
v -0.013212 0.069001 0.023305
v -0.006469 0.069017 0.004002
v -0.015153 0.030607 0.008650
v -0.009748 0.027342 -0.013665
v -0.015320 0.027309 0.010416
v -0.009489 0.030639 -0.012268
v -0.016215 0.027259 -0.035752
v -0.016026 0.030562 -0.034117
v -0.013828 0.069008 -0.015080
v -0.014250 0.017639 -0.037769
v -0.007076 0.017672 -0.013665
v -0.014357 0.000110 -0.035782
v -0.030613 -0.000037 -0.015309
v -0.007310 0.000069 -0.013651
v -0.030741 -0.000121 -0.032027
v -0.046245 -0.000093 -0.034837
v -0.030372 0.000182 -0.043703
v -0.014357 0.000110 -0.035782
v -0.014250 0.017639 -0.037769
v -0.030355 0.017620 -0.045327
v -0.016215 0.027259 -0.035752
v -0.016026 0.030562 -0.034117
v -0.030027 0.027589 -0.045121
v -0.029934 0.030889 -0.043516
v -0.043487 0.027252 -0.034647
v -0.046149 0.017641 -0.036668
v -0.052137 0.017605 -0.012081
v -0.052371 -0.000037 -0.012105
v -0.047624 -0.000023 0.030467
v -0.029069 0.000271 0.025759
v -0.029190 0.000193 0.038287
v -0.011059 -0.000057 0.029387
v -0.011059 -0.000057 0.029387
v -0.009702 0.017393 0.030145
v -0.029182 0.017574 0.039485
v -0.009702 0.017393 0.030145
v -0.028969 0.027462 0.019813
v -0.015320 0.027309 0.010416
v -0.028974 0.030753 0.017924
v -0.015153 0.030607 0.008650
v -0.013212 0.069001 0.023305
v -0.029027 0.069056 0.031145
v -0.012702 0.079072 0.027149
v -0.027697 0.089159 0.032899
v -0.012769 0.088438 0.025843
v -0.029041 0.079103 0.034613
v -0.044299 0.090043 0.025557
v -0.045078 0.079112 0.026597
v -0.044657 0.069032 0.023072
v -0.049013 0.030572 -0.010821
v -0.051137 0.069030 0.003828
v -0.043051 0.030607 0.009636
v -0.042913 0.027306 0.011506
v -0.048831 0.027268 -0.012079
v -0.049349 0.017596 0.031501
v -0.043578 0.030560 -0.033156
v -0.044644 0.069068 -0.015803
v -0.028844 0.069302 -0.024834
v -0.051694 0.079118 0.007670
v -0.044924 0.079169 -0.011252
v -0.044186 0.090305 -0.012306
v -0.028558 0.079378 -0.019934
v -0.051980 0.090077 0.006438
v -0.053342 0.142188 0.000578
v -0.040594 0.142020 0.020614
v -0.053631 0.153256 -0.000667
v -0.040678 0.143258 -0.017317
v -0.027564 0.089574 -0.019981
v -0.022835 0.138057 -0.020209
v -0.039933 0.154505 -0.018381
v -0.000070 0.157944 -0.034399
v -0.041453 0.160941 -0.032742
v -0.021830 0.148355 -0.020257
v -0.000070 0.147082 -0.020445
v -0.009282 0.140896 -0.016749
v -0.009874 0.131669 -0.015754
v -0.012664 0.088228 -0.011071
v -0.013251 0.079092 -0.010086
v -0.013828 0.069008 -0.015080
v 0.021689 0.148355 -0.020257
v 0.009141 0.140896 -0.016749
v 0.009733 0.131669 -0.015754
v 0.012523 0.088228 -0.011071
v -0.054391 0.161736 -0.001143
v -0.054367 0.178112 -0.000564
v -0.037389 0.178112 -0.035871
v -0.000070 0.178112 -0.037910
v 0.037248 0.178112 -0.035871
v 0.054226 0.178112 -0.000564
v 0.036956 0.178112 0.034337
v 0.038584 0.161397 0.028749
v -0.000070 0.178112 0.038817
v -0.000070 0.157876 0.033352
v -0.038725 0.161397 0.028749
v -0.037096 0.178112 0.034337
v -0.039808 0.153059 0.019564
v -0.019952 0.147129 0.023015
v -0.013154 0.142429 0.018314
v -0.021309 0.136973 0.024746
v -0.013087 0.132970 0.019633
v -0.000070 0.146123 0.022234
v 0.013013 0.142429 0.018314
v 0.019811 0.147129 0.023015
v 0.012946 0.132970 0.019633
v 0.012628 0.088438 0.025843
v 0.042772 0.027306 0.011506
vn 0.7244 -0.0702 0.6858
vn 0.9987 -0.0207 0.0469
vn 0.9998 0.0210 -0.0053
vn 0.7840 0.1103 -0.6108
vn 0.7726 0.2449 -0.5857
vn 0.9993 -0.0371 0.0008
vn 0.7443 -0.2481 0.6201
vn 1.0000 -0.0037 0.0088
vn 0.8103 0.2251 -0.5411
vn 0.9697 0.2390 -0.0515
vn 0.7825 0.2558 -0.5677
vn 0.0151 0.4217 -0.9066
vn 0.0261 0.2932 -0.9557
vn -0.7884 0.2288 -0.5710
vn -0.0168 0.4220 -0.9065
vn -0.7698 0.2395 -0.5917
vn -0.0329 0.2038 -0.9785
vn 0.6850 -0.0234 -0.7281
vn -0.0547 -0.0569 -0.9969
vn -0.7940 0.0643 -0.6044
vn 0.5652 -0.0395 -0.8240
vn 0.9997 0.0198 -0.0171
vn 0.9752 -0.2211 -0.0029
vn -0.0474 -0.0563 -0.9973
vn 0.5627 -0.4585 -0.6879
vn 0.5824 0.1199 0.8040
vn 0.6273 -0.1888 0.7555
vn 0.9787 -0.2040 0.0221
vn 0.5584 -0.3749 -0.7401
vn 0.6830 0.1187 0.7207
vn -0.1714 0.1321 0.9763
vn -0.0547 0.1445 0.9880
vn 0.0239 -0.0934 0.9953
vn -0.7069 -0.1000 0.7002
vn 0.0039 -0.3450 0.9386
vn 0.8362 -0.0345 0.5473
vn -0.0252 0.0802 0.9965
vn -0.7368 -0.2699 0.6199
vn -0.8485 -0.0597 0.5259
vn -0.7549 0.5080 0.4149
vn -0.0268 0.7902 0.6123
vn -0.7459 0.3865 0.5425
vn -0.0277 0.4510 0.8921
vn -0.6342 -0.6396 0.4344
vn 0.0001 -1.0000 -0.0012
vn -0.0239 -0.6529 0.7571
vn 0.6170 -0.6386 0.4599
vn 0.7241 0.3958 0.5648
vn 0.9762 0.2053 -0.0705
vn 0.7325 -0.6783 -0.0582
vn 0.7915 0.1023 -0.6025
vn 0.6120 -0.6476 -0.4539
vn -0.0026 -1.0000 0.0021
vn 0.0342 0.0410 -0.9986
vn 0.0201 -0.6433 -0.7653
vn -0.7584 0.0687 -0.6481
vn -0.7526 0.2356 -0.6148
vn -0.5869 -0.6498 -0.4831
vn -0.0046 -0.9999 -0.0104
vn -0.5869 -0.6498 -0.4829
vn -0.7295 -0.6791 -0.0818
vn -0.9803 0.1703 -0.0996
vn -0.7586 0.0687 -0.6480
vn -0.9748 0.2049 -0.0887
vn -0.7528 0.2356 -0.6147
vn -0.9996 -0.0115 -0.0244
vn -0.7885 0.2288 -0.5709
vn -0.7699 0.2393 -0.5915
vn -0.9987 -0.0460 -0.0236
vn -0.7941 0.0643 -0.6043
vn -0.9996 -0.0289 0.0074
vn -0.7428 -0.0948 -0.6627
vn -0.9974 -0.0554 0.0456
vn -0.9989 -0.0249 0.0396
vn -0.7072 -0.0931 -0.7009
vn -0.7349 -0.6764 0.0492
vn -0.2889 -0.5303 -0.7971
vn -0.0000 -1.0000 0.0093
vn -0.0000 -0.7495 -0.6620
vn 0.2890 -0.5302 -0.7971
vn 0.7349 -0.6763 0.0493
vn 0.7072 -0.0931 -0.7009
vn 0.9989 -0.0249 0.0396
vn 0.7428 -0.0948 -0.6627
vn 0.7941 0.0643 -0.6043
vn 0.9996 -0.0289 0.0074
vn 0.9974 -0.0554 0.0456
vn 0.7326 0.0786 0.6761
vn 0.7394 0.0754 0.6690
vn 0.3988 -0.4352 0.8072
vn -0.0000 -0.7512 0.6600
vn -0.3988 -0.4352 0.8072
vn -0.7394 0.0754 0.6690
vn -0.7326 0.0786 0.6761
vn -0.7070 -0.1000 0.7001
vn -0.7370 -0.2700 0.6197
vn -0.8486 -0.0597 0.5257
vn -0.7550 0.5080 0.4146
vn -0.6342 -0.6396 0.4343
vn 0.7070 -0.1000 0.7001
vn 0.7370 -0.2700 0.6197
vn 0.9987 -0.0460 -0.0236
vn 0.8485 -0.0597 0.5257
vn 0.9748 0.2049 -0.0887
vn 0.9996 -0.0115 -0.0244
vn 0.7550 0.5080 0.4146
vn 0.7528 0.2356 -0.6147
vn 0.7885 0.2288 -0.5709
vn 0.7699 0.2393 -0.5915
vn 0.7586 0.0687 -0.6480
vn 0.9803 0.1703 -0.0996
vn 0.5869 -0.6498 -0.4829
vn 0.0026 -1.0000 0.0021
vn 0.0046 -0.9999 -0.0104
vn 0.7295 -0.6791 -0.0818
vn -0.6120 -0.6476 -0.4539
vn -0.0200 -0.6434 -0.7653
vn 0.5869 -0.6498 -0.4831
vn 0.7584 0.0687 -0.6481
vn -0.0342 0.0410 -0.9986
vn 0.7526 0.2356 -0.6148
vn 0.7884 0.2288 -0.5710
vn -0.0261 0.2932 -0.9557
vn -0.0151 0.4217 -0.9066
vn -0.7825 0.2558 -0.5677
vn -0.7915 0.1023 -0.6025
vn -0.9762 0.2053 -0.0705
vn -0.7325 -0.6783 -0.0582
vn -0.0001 -1.0000 -0.0012
vn -0.6170 -0.6386 0.4599
vn 0.0239 -0.6529 0.7571
vn 0.6342 -0.6396 0.4344
vn 0.6342 -0.6396 0.4343
vn 0.7459 0.3865 0.5425
vn 0.0277 0.4510 0.8921
vn 0.0268 0.7902 0.6123
vn 0.7549 0.5080 0.4148
vn 0.0252 0.0802 0.9965
vn 0.8485 -0.0597 0.5259
vn 0.7369 -0.2700 0.6198
vn -0.0039 -0.3450 0.9386
vn 0.7069 -0.1000 0.7002
vn 0.0547 0.1445 0.9880
vn -0.0239 -0.0934 0.9953
vn 0.7325 0.0786 0.6763
vn -0.6830 0.1187 0.7207
vn -0.7244 -0.0702 0.6858
vn -0.7443 -0.2481 0.6201
vn -1.0000 -0.0037 0.0088
vn -0.8362 -0.0345 0.5473
vn -0.9993 -0.0371 0.0008
vn -0.7110 0.5580 0.4279
vn -0.9697 0.2390 -0.0515
vn -0.7241 0.3958 0.5648
vn -0.8103 0.2251 -0.5411
vn -0.7726 0.2449 -0.5857
vn 0.0168 0.4220 -0.9065
vn -0.7840 0.1103 -0.6108
vn -0.9987 -0.0207 0.0469
vn -0.9998 0.0210 -0.0053
vn -0.6850 -0.0234 -0.7281
vn 0.0329 0.2038 -0.9785
vn -0.9997 0.0198 -0.0171
vn -0.5824 0.1199 0.8040
vn -0.9752 -0.2211 -0.0029
vn -0.5652 -0.0395 -0.8240
vn 0.0547 -0.0569 -0.9969
vn 0.0474 -0.0563 -0.9973
vn -0.5627 -0.4585 -0.6879
vn -0.0000 -0.4988 -0.8667
vn -0.0659 -0.4941 -0.8669
vn -0.5584 -0.3749 -0.7401
vn 0.2889 -0.5301 -0.7972
vn 0.7071 -0.0931 -0.7009
vn 0.7427 -0.0948 -0.6629
vn 0.7940 0.0643 -0.6045
vn 0.7698 0.2394 -0.5917
vn 0.0659 -0.4941 -0.8669
vn -0.2889 -0.5302 -0.7972
vn -0.7071 -0.0931 -0.7009
vn -0.7427 -0.0948 -0.6629
vn -0.5279 0.0178 -0.8491
vn -0.9787 -0.2040 0.0221
vn -0.9991 0.0434 -0.0017
vn -0.0000 -0.0468 -0.9989
vn 0.5279 0.0178 -0.8491
vn 0.9991 0.0434 -0.0017
vn 0.5744 -0.1496 0.8048
vn 0.5531 -0.3197 0.7693
vn -0.0000 -0.2310 0.9730
vn -0.0000 -0.4827 0.8758
vn -0.5531 -0.3197 0.7693
vn -0.5744 -0.1496 0.8048
vn -0.0029 -0.3350 0.9422
vn -0.6273 -0.1888 0.7555
vn 0.3988 -0.4351 0.8072
vn 0.1714 0.1321 0.9763
vn 0.7391 0.0754 0.6693
vn -0.0000 -0.7511 0.6601
vn 0.0029 -0.3350 0.9422
vn -0.7392 0.0755 0.6693
vn -0.7325 0.0786 0.6763
vn 0.7110 0.5580 0.4279
vn -0.0000 1.0000 -0.0000
vt 0.436612 0.717511
vt 0.438325 0.624272
vt 0.438325 0.624272
vt 0.438015 0.516489
vt 0.438015 0.516489
vt 0.438325 0.624272
vt 0.438325 0.624272
vt 0.438015 0.516489
vt 0.438377 0.384663
vt 0.374861 0.390103
vt 0.438377 0.384663
vt 0.438015 0.516489
vt 0.438364 0.389384
vt 0.438015 0.516489
vt 0.438302 0.411833
vt 0.436835 0.739860
vt 0.436874 0.743782
vt 0.440103 0.624570
vt 0.439920 0.506325
vt 0.436651 0.721395
vt 0.438074 0.864114
vt 0.438074 0.864114
vt 0.373787 0.854794
vt 0.373787 0.854794
vt 0.373787 0.854794
vt 0.375000 0.700213
vt 0.436612 0.717511
vt 0.375000 0.625000
vt 0.375000 0.516467
vt 0.263568 0.500693
vt 0.262659 0.624792
vt 0.262744 0.613167
vt 0.265062 0.497990
vt 0.262659 0.624792
vt 0.263149 0.557895
vt 0.272162 0.485135
vt 0.263235 0.546155
vt 0.273670 0.482404
vt 0.250000 0.625000
vt 0.257306 0.439197
vt 0.264109 0.742918
vt 0.267293 0.748508
vt 0.267970 0.749696
vt 0.254577 0.832243
vt 0.263440 0.741742
vt 0.263440 0.741742
vt 0.263440 0.741742
vt 0.378211 0.855436
vt 0.420697 0.376196
vt 0.438289 0.416602
vt 0.401728 0.375000
vt 0.401704 0.394040
vt 0.397696 0.393452
vt 0.378829 0.390685
vt 0.453409 0.491425
vt 0.453409 0.625000
vt 0.453409 0.375000
vt 0.453409 0.742194
vt 0.437497 0.741812
vt 0.453409 0.875000
vt 0.421091 0.875000
vt 0.403714 0.859133
vt 0.399246 0.858485
vt 0.404485 0.875000
vt 0.000000 0.000000
s 0
usemtl mii_shirt
f 1376/1123/1299 1383/1123/1299 1378/1123/1299
f 1378/1123/1299 1377/1123/1299 1376/1123/1299
f 1383/1123/1299 1381/1123/1299 1380/1123/1299
f 1378/1123/1299 1383/1123/1299 1380/1123/1299
f 1386/1123/1299 1383/1123/1299 1376/1123/1299
f 1380/1123/1299 1379/1123/1299 1378/1123/1299
s 1
usemtl mii_pants
f 1194/1059/1096 1191/1060/1097 1192/1061/1098
f 1192/1061/1098 1191/1060/1097 1193/1062/1099
f 1191/1060/1097 1195/1063/1100 1193/1062/1099
f 1194/1059/1096 1196/1064/1101 1191/1060/1097
f 1191/1060/1097 1196/1064/1101 1195/1063/1100
f 1194/1059/1096 1197/1059/1102 1196/1064/1101
f 1197/1059/1102 1198/1060/1103 1196/1064/1101
f 1196/1064/1101 1198/1060/1103 1199/1062/1104
f 1196/1064/1101 1199/1062/1104 1195/1063/1100
f 1199/1062/1104 1200/1065/1105 1201/1066/1106
f 1199/1062/1104 1198/1060/1103 1200/1065/1105
f 1202/1067/1107 1199/1062/1104 1201/1066/1106
f 1195/1063/1100 1199/1062/1104 1202/1067/1107
f 1202/1067/1107 1201/1066/1106 1203/1067/1108
f 1204/1068/1109 1202/1067/1107 1203/1067/1108
f 1205/1069/1110 1202/1067/1107 1204/1068/1109
f 1195/1063/1100 1202/1067/1107 1205/1069/1110
f 1205/1069/1110 1204/1068/1109 1206/1068/1111
f 1207/1069/1112 1205/1069/1110 1206/1068/1111
f 1193/1062/1099 1195/1063/1100 1205/1069/1110
f 1193/1062/1099 1205/1069/1110 1207/1069/1112
f 1210/1070/1113 1207/1069/1112 1208/1071/1114
f 1208/1071/1114 1207/1069/1112 1209/1068/1115
f 1207/1069/1112 1206/1068/1111 1209/1068/1115
f 1210/1070/1113 1193/1062/1099 1207/1069/1112
f 1192/1061/1098 1193/1062/1099 1210/1070/1113
f 1212/1072/1116 1210/1070/1113 1208/1071/1114
f 1211/1060/1117 1192/1061/1098 1210/1070/1113
f 1211/1060/1117 1210/1070/1113 1212/1072/1116
f 1215/1065/1118 1211/1060/1117 1212/1072/1116
f 1212/1072/1116 1208/1071/1114 1213/1073/1119
f 1214/1066/1120 1212/1072/1116 1213/1073/1119
f 1215/1065/1118 1212/1072/1116 1214/1066/1120
f 1219/1074/1121 1215/1065/1118 1216/1075/1122
f 1216/1075/1122 1215/1065/1118 1217/1076/1123
f 1215/1065/1118 1218/1077/1124 1217/1076/1123
f 1215/1065/1118 1214/1066/1120 1218/1077/1124
f 1219/1074/1121 1211/1060/1117 1215/1065/1118
f 1222/1078/1125 1211/1060/1117 1219/1074/1121
f 1220/1079/1126 1219/1074/1121 1216/1075/1122
f 1221/1079/1127 1219/1074/1121 1220/1079/1126
f 1221/1079/1127 1222/1078/1125 1219/1074/1121
f 1223/1080/1128 1222/1078/1125 1221/1079/1127
f 1223/1080/1128 1194/1059/1096 1222/1078/1125
f 1194/1059/1096 1192/1061/1098 1222/1078/1125
f 1222/1078/1125 1192/1061/1098 1211/1060/1117
f 1224/1081/1129 1225/1080/1130 1223/1080/1128
f 1224/1081/1129 1223/1080/1128 1221/1079/1127
f 1223/1080/1128 1197/1059/1102 1194/1059/1096
f 1223/1080/1128 1225/1080/1130 1197/1059/1102
f 1225/1080/1130 1226/1059/1131 1197/1059/1102
f 1225/1080/1130 1227/1080/1132 1226/1059/1131
f 1228/1082/1133 1227/1080/1132 1225/1080/1130
f 1224/1081/1129 1228/1082/1133 1225/1080/1130
f 1228/1082/1133 1229/1082/1134 1227/1080/1132
f 1227/1080/1132 1229/1082/1134 1230/1083/1135
f 1227/1080/1132 1230/1083/1135 1231/1080/1136
f 1231/1080/1136 1230/1083/1135 1232/1083/1137
f 1231/1080/1136 1232/1083/1137 1233/1080/1138
f 1233/1080/1138 1232/1083/1137 1234/1083/1139
f 1235/1084/1140 1236/1080/1141 1234/1083/1139
f 1233/1080/1138 1234/1083/1139 1236/1080/1141
f 1235/1084/1140 1238/1085/1142 1236/1080/1141
f 1237/1085/1143 1236/1080/1141 1238/1085/1142
f 1237/1085/1143 1233/1080/1138 1236/1080/1141
f 1239/1065/1144 1238/1085/1142 1240/1065/1145
f 1239/1065/1144 1237/1085/1143 1238/1085/1142
f 1240/1065/1145 1238/1085/1142 1235/1084/1140
f 1243/1066/1146 1240/1065/1145 1241/1066/1147
f 1241/1066/1147 1240/1065/1145 1242/1086/1148
f 1240/1065/1145 1235/1084/1140 1242/1086/1148
f 1243/1066/1146 1239/1065/1144 1240/1065/1145
f 1203/1067/1108 1201/1066/1106 1243/1066/1146
f 1201/1066/1106 1239/1065/1144 1243/1066/1146
f 1203/1067/1108 1243/1066/1146 1244/1067/1149
f 1244/1067/1149 1243/1066/1146 1241/1066/1147
f 1244/1067/1149 1241/1066/1147 1245/1067/1150
f 1246/1068/1151 1244/1067/1149 1245/1067/1150
f 1247/1068/1152 1244/1067/1149 1246/1068/1151
f 1247/1068/1152 1203/1067/1108 1244/1067/1149
f 1204/1068/1109 1203/1067/1108 1247/1068/1152
f 1246/1068/1151 1245/1067/1150 1248/1068/1153
f 1245/1067/1150 1249/1087/1154 1248/1068/1153
f 1250/1088/1155 1249/1087/1154 1242/1086/1148
f 1241/1066/1147 1242/1086/1148 1249/1087/1154
f 1245/1067/1150 1241/1066/1147 1249/1087/1154
f 1250/1088/1155 1242/1086/1148 1251/1089/1156
f 1252/1089/1157 1250/1088/1155 1251/1089/1156
f 1252/1089/1157 1253/1088/1158 1250/1088/1155
f 1254/1089/1159 1253/1088/1158 1252/1089/1157
f 1254/1089/1159 1255/1088/1160 1253/1088/1158
f 1256/1089/1161 1255/1088/1160 1254/1089/1159
f 1256/1089/1161 1257/1088/1162 1255/1088/1160
f 1258/1088/1163 1257/1088/1162 1256/1089/1161
f 1258/1088/1163 1256/1089/1161 1259/1089/1164
f 1260/1088/1165 1258/1088/1163 1259/1089/1164
f 1260/1088/1165 1261/1090/1166 1263/1091/1167
f 1260/1088/1165 1262/1092/1168 1261/1090/1166
f 1260/1088/1165 1259/1089/1164 1262/1092/1168
f 1263/1091/1167 1261/1090/1166 1264/1093/1169
f 1263/1091/1167 1264/1093/1169 1265/1094/1170
f 1265/1094/1170 1266/1095/1171 1267/1096/1172
f 1265/1094/1170 1264/1093/1169 1266/1095/1171
f 1267/1096/1172 1268/1097/1173 1269/1098/1174
f 1267/1096/1172 1266/1095/1171 1268/1097/1173
f 1270/1096/1175 1269/1098/1174 1268/1097/1173
f 1270/1096/1175 1268/1097/1173 1271/1095/1176
f 1272/1094/1177 1270/1096/1175 1271/1095/1176
f 1272/1094/1177 1271/1095/1176 1273/1093/1178
f 1274/1091/1179 1272/1094/1177 1273/1093/1178
f 1275/1088/1180 1274/1091/1179 1276/1090/1181
f 1274/1091/1179 1273/1093/1178 1276/1090/1181
f 1275/1088/1180 1276/1090/1181 1277/1092/1182
f 1277/1092/1182 1276/1090/1181 1278/1099/1183
f 1276/1090/1181 1279/1100/1184 1278/1099/1183
f 1276/1090/1181 1273/1093/1178 1279/1100/1184
f 1273/1093/1178 1280/1101/1185 1279/1100/1184
f 1273/1093/1178 1271/1095/1176 1280/1101/1185
f 1271/1095/1176 1281/1102/1186 1280/1101/1185
f 1266/1095/1171 1281/1102/1186 1268/1097/1173
f 1266/1095/1171 1282/1101/1187 1281/1102/1186
f 1271/1095/1176 1268/1097/1173 1281/1102/1186
f 1264/1093/1169 1282/1101/1187 1266/1095/1171
f 1264/1093/1169 1283/1100/1188 1282/1101/1187
f 1261/1090/1166 1283/1100/1188 1264/1093/1169
f 1261/1090/1166 1284/1099/1189 1283/1100/1188
f 1262/1092/1168 1284/1099/1189 1261/1090/1166
f 1262/1092/1168 1285/1103/1190 1284/1099/1189
f 1262/1092/1168 1286/1104/1191 1285/1103/1190
f 1262/1092/1168 1259/1089/1164 1286/1104/1191
f 1259/1089/1164 1287/1105/1192 1286/1104/1191
f 1287/1105/1192 1254/1089/1159 1288/1105/1193
f 1287/1105/1192 1256/1089/1161 1254/1089/1159
f 1259/1089/1164 1256/1089/1161 1287/1105/1192
f 1288/1105/1193 1254/1089/1159 1252/1089/1157
f 1288/1105/1193 1252/1089/1157 1289/1105/1137
f 1289/1105/1137 1251/1089/1156 1290/1105/1194
f 1289/1105/1137 1252/1089/1157 1251/1089/1156
f 1251/1089/1156 1235/1084/1140 1290/1105/1194
f 1277/1092/1182 1278/1099/1183 1291/1103/1195
f 1277/1092/1182 1291/1103/1195 1292/1104/1196
f 1277/1092/1182 1292/1104/1196 1293/1089/1197
f 1293/1089/1197 1292/1104/1196 1294/1105/1198
f 1294/1105/1198 1295/1089/1199 1297/1089/1200
f 1294/1105/1198 1296/1105/1201 1295/1089/1199
f 1293/1089/1197 1294/1105/1198 1297/1089/1200
f 1297/1089/1200 1295/1089/1199 1298/1088/1202
f 1297/1089/1200 1298/1088/1202 1299/1088/1203
f 1300/1088/1204 1297/1089/1200 1299/1088/1203
f 1300/1088/1204 1293/1089/1197 1297/1089/1200
f 1275/1088/1180 1293/1089/1197 1300/1088/1204
f 1295/1089/1199 1301/1088/1205 1298/1088/1202
f 1295/1089/1199 1302/1089/1206 1301/1088/1205
f 1302/1089/1206 1303/1088/1207 1301/1088/1205
f 1303/1088/1207 1304/1086/1208 1306/1087/1209
f 1303/1088/1207 1305/1089/1210 1304/1086/1208
f 1302/1089/1206 1305/1089/1210 1303/1088/1207
f 1307/1066/1211 1306/1087/1209 1304/1086/1208
f 1308/1067/1212 1306/1087/1209 1307/1066/1211
f 1308/1067/1212 1309/1068/1213 1306/1087/1209
f 1310/1068/1214 1309/1068/1213 1308/1067/1212
f 1310/1068/1214 1308/1067/1212 1311/1067/1215
f 1312/1068/1216 1310/1068/1214 1311/1067/1215
f 1313/1068/1217 1312/1068/1216 1314/1067/1218
f 1312/1068/1216 1311/1067/1215 1314/1067/1218
f 1313/1068/1217 1314/1067/1218 1315/1067/1219
f 1315/1067/1219 1314/1067/1218 1316/1066/1220
f 1314/1067/1218 1317/1066/1221 1316/1066/1220
f 1314/1067/1218 1311/1067/1215 1317/1066/1221
f 1316/1066/1220 1317/1066/1221 1318/1065/1222
f 1317/1066/1221 1319/1065/1223 1318/1065/1222
f 1311/1067/1215 1307/1066/1211 1317/1066/1221
f 1317/1066/1221 1307/1066/1211 1319/1065/1223
f 1307/1066/1211 1304/1086/1208 1319/1065/1223
f 1319/1065/1223 1304/1086/1208 1321/1084/1224
f 1318/1065/1222 1319/1065/1223 1320/1085/1225
f 1319/1065/1223 1321/1084/1224 1320/1085/1225
f 1321/1084/1224 1322/1080/1226 1320/1085/1225
f 1321/1084/1224 1323/1083/1227 1322/1080/1226
f 1305/1089/1210 1321/1084/1224 1304/1086/1208
f 1305/1089/1210 1324/1105/1228 1321/1084/1224
f 1325/1105/1229 1324/1105/1228 1305/1089/1210
f 1325/1105/1229 1305/1089/1210 1302/1089/1206
f 1296/1105/1201 1325/1105/1229 1302/1089/1206
f 1326/1080/1230 1322/1080/1226 1323/1083/1227
f 1326/1080/1230 1323/1083/1227 1327/1083/1229
f 1328/1080/1231 1326/1080/1230 1327/1083/1229
f 1328/1080/1231 1327/1083/1229 1329/1083/1232
f 1330/1080/1233 1329/1083/1232 1331/1082/1234
f 1330/1080/1233 1328/1080/1231 1329/1083/1232
f 1332/1082/1235 1330/1080/1233 1331/1082/1234
f 1332/1082/1235 1333/1080/1236 1330/1080/1233
f 1334/1081/1237 1333/1080/1236 1332/1082/1235
f 1334/1081/1237 1335/1079/1238 1337/1080/1239
f 1334/1081/1237 1336/1106/1240 1335/1079/1238
f 1334/1081/1237 1337/1080/1239 1333/1080/1236
f 1337/1080/1239 1335/1079/1238 1338/1078/1241
f 1337/1080/1239 1338/1078/1241 1339/1059/1242
f 1337/1080/1239 1339/1059/1242 1340/1059/1243
f 1337/1080/1239 1340/1059/1243 1333/1080/1236
f 1340/1059/1243 1341/1060/1244 1343/1059/1245
f 1340/1059/1243 1342/1064/1246 1341/1060/1244
f 1339/1059/1242 1342/1064/1246 1340/1059/1243
f 1333/1080/1236 1340/1059/1243 1343/1059/1245
f 1343/1059/1245 1328/1080/1231 1330/1080/1233
f 1343/1059/1245 1344/1085/1247 1328/1080/1231
f 1341/1060/1244 1344/1085/1247 1343/1059/1245
f 1333/1080/1236 1343/1059/1245 1330/1080/1233
f 1344/1085/1247 1326/1080/1230 1328/1080/1231
f 1341/1060/1244 1345/1065/1248 1344/1085/1247
f 1345/1065/1248 1346/1085/1249 1344/1085/1247
f 1344/1085/1247 1346/1085/1249 1326/1080/1230
f 1345/1065/1248 1318/1065/1222 1346/1085/1249
f 1318/1065/1222 1320/1085/1225 1346/1085/1249
f 1346/1085/1249 1320/1085/1225 1322/1080/1226
f 1346/1085/1249 1322/1080/1226 1326/1080/1230
f 1347/1062/1250 1345/1065/1248 1341/1060/1244
f 1347/1062/1250 1316/1066/1220 1345/1065/1248
f 1316/1066/1220 1318/1065/1222 1345/1065/1248
f 1315/1067/1219 1316/1066/1220 1347/1062/1250
f 1342/1064/1246 1347/1062/1250 1341/1060/1244
f 1348/1063/1251 1315/1067/1219 1347/1062/1250
f 1342/1064/1246 1348/1063/1251 1347/1062/1250
f 1348/1063/1251 1349/1069/1252 1315/1067/1219
f 1351/1062/1253 1349/1069/1252 1348/1063/1251
f 1350/1060/1254 1348/1063/1251 1342/1064/1246
f 1350/1060/1254 1351/1062/1253 1348/1063/1251
f 1354/1061/1255 1352/1070/1256 1351/1062/1253
f 1352/1070/1256 1353/1069/1257 1351/1062/1253
f 1351/1062/1253 1353/1069/1257 1349/1069/1252
f 1354/1061/1255 1351/1062/1253 1350/1060/1254
f 1355/1060/1258 1352/1070/1256 1354/1061/1255
f 1339/1059/1242 1354/1061/1255 1350/1060/1254
f 1338/1078/1241 1355/1060/1258 1354/1061/1255
f 1339/1059/1242 1338/1078/1241 1354/1061/1255
f 1338/1078/1241 1356/1074/1259 1355/1060/1258
f 1356/1074/1259 1357/1065/1260 1355/1060/1258
f 1357/1065/1260 1358/1072/1261 1355/1060/1258
f 1355/1060/1258 1358/1072/1261 1352/1070/1256
f 1358/1072/1261 1359/1071/1262 1352/1070/1256
f 1358/1072/1261 1360/1073/1263 1359/1071/1262
f 1361/1066/1264 1360/1073/1263 1358/1072/1261
f 1357/1065/1260 1361/1066/1264 1358/1072/1261
f 1361/1066/1264 1362/1107/1265 1364/1108/1266
f 1361/1066/1264 1363/1077/1267 1362/1107/1265
f 1357/1065/1260 1363/1077/1267 1361/1066/1264
f 1361/1066/1264 1364/1108/1266 1360/1073/1263
f 1364/1108/1266 1362/1107/1265 1365/1109/1174
f 1364/1108/1266 1365/1109/1174 1366/1110/1268
f 1364/1108/1266 1366/1110/1268 1367/1111/1269
f 1364/1108/1266 1367/1111/1269 1360/1073/1263
f 1360/1073/1263 1367/1111/1269 1368/1112/1270
f 1360/1073/1263 1368/1112/1270 1359/1071/1262
f 1359/1071/1262 1368/1112/1270 1369/1068/1271
f 1359/1071/1262 1369/1068/1271 1353/1069/1257
f 1353/1069/1257 1369/1068/1271 1370/1068/1272
f 1353/1069/1257 1370/1068/1272 1349/1069/1252
f 1349/1069/1252 1370/1068/1272 1313/1068/1217
f 1371/1108/1273 1365/1109/1174 1362/1107/1265
f 1371/1108/1273 1372/1110/1274 1365/1109/1174
f 1371/1108/1273 1373/1111/1275 1372/1110/1274
f 1371/1108/1273 1213/1073/1119 1373/1111/1275
f 1213/1073/1119 1374/1112/1276 1373/1111/1275
f 1213/1073/1119 1208/1071/1114 1374/1112/1276
f 1208/1071/1114 1209/1068/1115 1374/1112/1276
f 1214/1066/1120 1213/1073/1119 1371/1108/1273
f 1214/1066/1120 1371/1108/1273 1362/1107/1265
f 1362/1107/1265 1363/1077/1267 1377/1113/1277
f 1357/1065/1260 1375/1076/1278 1363/1077/1267
f 1363/1077/1267 1375/1076/1278 1376/1114/1279
f 1363/1077/1267 1376/1114/1279 1377/1113/1277
f 1362/1107/1265 1377/1113/1277 1378/1115/1280
f 1362/1107/1265 1378/1115/1280 1379/1113/1281
f 1362/1107/1265 1379/1113/1281 1218/1077/1124
f 1218/1077/1124 1379/1113/1281 1380/1114/1282
f 1218/1077/1124 1380/1114/1282 1217/1076/1123
f 1217/1076/1123 1380/1114/1282 1381/1116/1283
f 1217/1076/1123 1381/1116/1283 1382/1117/1284
f 1382/1117/1284 1381/1116/1283 1383/1118/1285
f 1382/1117/1284 1383/1118/1285 1384/1119/1286
f 1385/1117/1287 1384/1119/1286 1383/1118/1285
f 1385/1117/1287 1383/1118/1285 1386/1116/1288
f 1375/1076/1278 1385/1117/1287 1386/1116/1288
f 1375/1076/1278 1386/1116/1288 1376/1114/1279
f 1388/1080/1289 1385/1117/1287 1387/1075/1290
f 1387/1075/1290 1385/1117/1287 1375/1076/1278
f 1388/1080/1289 1384/1119/1286 1385/1117/1287
f 1389/1120/1291 1384/1119/1286 1388/1080/1289
f 1390/1079/1292 1388/1080/1289 1387/1075/1290
f 1391/1121/1293 1389/1120/1291 1388/1080/1289
f 1391/1121/1293 1388/1080/1289 1390/1079/1292
f 1336/1106/1240 1391/1121/1293 1390/1079/1292
f 1390/1079/1292 1387/1075/1290 1356/1074/1259
f 1335/1079/1238 1390/1079/1292 1356/1074/1259
f 1336/1106/1240 1390/1079/1292 1335/1079/1238
f 1389/1120/1291 1392/1122/1294 1384/1119/1286
f 1393/1120/1187 1384/1119/1286 1392/1122/1294
f 1393/1120/1187 1394/1080/1295 1384/1119/1286
f 1395/1121/1296 1394/1080/1295 1393/1120/1187
f 1395/1121/1296 1220/1079/1126 1394/1080/1295
f 1396/1106/1297 1220/1079/1126 1395/1121/1296
f 1224/1081/1129 1221/1079/1127 1396/1106/1297
f 1396/1106/1297 1221/1079/1127 1220/1079/1126
f 1394/1080/1295 1382/1117/1284 1384/1119/1286
f 1394/1080/1295 1216/1075/1122 1382/1117/1284
f 1220/1079/1126 1216/1075/1122 1394/1080/1295
f 1387/1075/1290 1375/1076/1278 1357/1065/1260
f 1356/1074/1259 1387/1075/1290 1357/1065/1260
f 1216/1075/1122 1217/1076/1123 1382/1117/1284
f 1214/1066/1120 1362/1107/1265 1218/1077/1124
f 1352/1070/1256 1359/1071/1262 1353/1069/1257
f 1335/1079/1238 1356/1074/1259 1338/1078/1241
f 1339/1059/1242 1350/1060/1254 1342/1064/1246
f 1349/1069/1252 1313/1068/1217 1315/1067/1219
f 1311/1067/1215 1308/1067/1212 1307/1066/1211
f 1296/1105/1201 1302/1089/1206 1295/1089/1199
f 1275/1088/1180 1277/1092/1182 1293/1089/1197
f 1251/1089/1156 1242/1086/1148 1235/1084/1140
f 1201/1066/1106 1200/1065/1105 1239/1065/1144
f 1200/1065/1105 1237/1085/1143 1239/1065/1144
f 1397/1085/1298 1233/1080/1138 1237/1085/1143
f 1200/1065/1105 1397/1085/1298 1237/1085/1143
f 1198/1060/1103 1226/1059/1131 1397/1085/1298
f 1226/1059/1131 1231/1080/1136 1397/1085/1298
f 1397/1085/1298 1231/1080/1136 1233/1080/1138
f 1198/1060/1103 1397/1085/1298 1200/1065/1105
f 1226/1059/1131 1227/1080/1132 1231/1080/1136
f 1197/1059/1102 1226/1059/1131 1198/1060/1103
